# ************************************************************
# Sequel Pro SQL dump
# Version 5446
#
# https://www.sequelpro.com/
# https://github.com/sequelpro/sequelpro
#
# Host: 127.0.0.1 (MySQL 8.0.17)
# Database: bcwx
# Generation Time: 2020-06-08 17:37:59 +0000
# ************************************************************


/*!40101 SET @OLD_CHARACTER_SET_CLIENT=@@CHARACTER_SET_CLIENT */;
/*!40101 SET @OLD_CHARACTER_SET_RESULTS=@@CHARACTER_SET_RESULTS */;
/*!40101 SET @OLD_COLLATION_CONNECTION=@@COLLATION_CONNECTION */;
/*!40101 SET NAMES utf8 */;
SET NAMES utf8mb4;
/*!40014 SET @OLD_FOREIGN_KEY_CHECKS=@@FOREIGN_KEY_CHECKS, FOREIGN_KEY_CHECKS=0 */;
/*!40101 SET @OLD_SQL_MODE=@@SQL_MODE, SQL_MODE='NO_AUTO_VALUE_ON_ZERO' */;
/*!40111 SET @OLD_SQL_NOTES=@@SQL_NOTES, SQL_NOTES=0 */;


# Dump of table avatardraw_customer
# ------------------------------------------------------------

DROP TABLE IF EXISTS `avatardraw_customer`;

CREATE TABLE `avatardraw_customer` (
  `id` int(10) unsigned NOT NULL AUTO_INCREMENT,
  `openid` varchar(50) COLLATE utf8mb4_unicode_ci NOT NULL,
  `nickname` varchar(20) COLLATE utf8mb4_unicode_ci NOT NULL COMMENT '微信号昵称',
  `sex` tinyint(1) unsigned NOT NULL DEFAULT '0' COMMENT '性别1男',
  `city` varchar(10) COLLATE utf8mb4_unicode_ci NOT NULL COMMENT '市级',
  `province` varchar(10) COLLATE utf8mb4_unicode_ci NOT NULL COMMENT '省级',
  `country` varchar(10) COLLATE utf8mb4_unicode_ci NOT NULL COMMENT '国家',
  `headimgurl` varchar(300) COLLATE utf8mb4_unicode_ci NOT NULL COMMENT '头像地址',
  `isprize` tinyint(1) unsigned NOT NULL DEFAULT '0' COMMENT '是否中奖(0未中)',
  `create_time` int(11) NOT NULL DEFAULT '0',
  `update_time` int(11) NOT NULL,
  PRIMARY KEY (`id`),
  UNIQUE KEY `UNIQUE` (`openid`)
) ENGINE=InnoDB DEFAULT CHARSET=utf8mb4 COLLATE=utf8mb4_unicode_ci;

LOCK TABLES `avatardraw_customer` WRITE;
/*!40000 ALTER TABLE `avatardraw_customer` DISABLE KEYS */;

INSERT INTO `avatardraw_customer` (`id`, `openid`, `nickname`, `sex`, `city`, `province`, `country`, `headimgurl`, `isprize`, `create_time`, `update_time`)
VALUES
	(1,'oGzBL6fOqo6bAofN1bejgIKrU2ng','Rehack',1,'成都','四川','中国','http://thirdwx.qlogo.cn/mmopen/vi_32/Q0j4TwGTfTIOeF6uZ6fu13zGcPEJEpl7I0EicNPwAjR3QdZqEaZgDH4Q3g6Ubvb9A2p12kwjqtC9OG2ZITkUZjQ/132',0,1591632138,1591632138);

/*!40000 ALTER TABLE `avatardraw_customer` ENABLE KEYS */;
UNLOCK TABLES;


# Dump of table bargain_bargain_order
# ------------------------------------------------------------

DROP TABLE IF EXISTS `bargain_bargain_order`;

CREATE TABLE `bargain_bargain_order` (
  `id` int(10) unsigned NOT NULL AUTO_INCREMENT COMMENT '主键ID',
  `uid` int(10) unsigned NOT NULL DEFAULT '0' COMMENT '砍价商品发起的用户ID',
  `goods_id` int(10) unsigned NOT NULL DEFAULT '0' COMMENT '参与活动的商品',
  `bargain_sn` varchar(20) NOT NULL COMMENT '砍价订单编号',
  `attr1_id` smallint(5) unsigned NOT NULL COMMENT 'attr1属性id',
  `attr2_id` smallint(5) unsigned NOT NULL COMMENT 'attr2属性id',
  `bargain_count` smallint(5) unsigned NOT NULL DEFAULT '0' COMMENT '被砍价次数',
  `deal_money` decimal(7,2) unsigned NOT NULL DEFAULT '0.00' COMMENT '最终交易价格',
  `is_addorder` tinyint(1) NOT NULL DEFAULT '0' COMMENT '是否下单购买(0:未下单，1已下单)',
  `type` tinyint(1) NOT NULL DEFAULT '0' COMMENT '0是线上，1是地推',
  `create_time` int(10) unsigned NOT NULL DEFAULT '0' COMMENT '发起时间',
  PRIMARY KEY (`id`),
  KEY `activity_bargain_id` (`bargain_sn`),
  KEY `attr1_id` (`attr1_id`),
  KEY `attr2_id` (`attr2_id`),
  KEY `product_id` (`goods_id`),
  KEY `user_id` (`uid`),
  KEY `is_addorder` (`is_addorder`)
) ENGINE=InnoDB DEFAULT CHARSET=utf8;

LOCK TABLES `bargain_bargain_order` WRITE;
/*!40000 ALTER TABLE `bargain_bargain_order` DISABLE KEYS */;

INSERT INTO `bargain_bargain_order` (`id`, `uid`, `goods_id`, `bargain_sn`, `attr1_id`, `attr2_id`, `bargain_count`, `deal_money`, `is_addorder`, `type`, `create_time`)
VALUES
	(1,1,1,'9ZCY2018081010010110',0,0,0,0.00,0,0,1533895597),
	(2,2,1,'5FCS2018081099524810',0,0,0,0.00,0,0,1533895660),
	(3,3,1,'0MHS2018081010254569',0,0,0,0.00,0,0,1533895759),
	(4,4,2,'6MBP2018081049509950',0,0,0,0.00,0,0,1533896049),
	(5,7,2,'2U2I2018081056485452',0,0,0,0.00,0,0,1533896168),
	(6,8,2,'NUSP2018081054511014',0,0,0,0.00,0,0,1533896198),
	(7,7,1,'NZCU2018081055494999',0,0,0,0.00,0,0,1533896199),
	(8,13,1,'DXUB2018081010099525',0,0,0,0.00,0,0,1533896269),
	(9,14,2,'929J2018081097984854',0,0,0,0.00,0,0,1533896298),
	(10,15,2,'XR5I2018081051101975',0,0,0,0.00,0,0,1533896403),
	(11,18,1,'ILOZ2018081057989910',0,0,0,0.00,0,0,1533896841),
	(12,18,2,'HNT82018081057509999',0,0,0,0.00,0,0,1533896873),
	(13,20,2,'0YVW2018081010110052',0,0,0,0.00,0,0,1533897246),
	(14,21,2,'8FQ12018081048551004',0,0,0,0.00,0,0,1533897296),
	(15,26,2,'BRE42018081048489949',0,0,0,0.00,0,0,1533897920),
	(16,27,2,'DY4F2018081010048975',0,0,0,0.00,0,0,1533897997),
	(17,28,1,'HLYQ2018081057519849',0,0,0,0.00,0,0,1533898041),
	(18,31,1,'YUIV2018081054575650',0,0,0,0.00,0,0,1533898118),
	(19,34,2,'ZGJE2018081010252565',0,0,0,0.00,0,0,1533898479),
	(20,35,1,'C4U22018081099985448',0,0,0,0.00,0,0,1533898508),
	(21,42,2,'VYFY2018081057102491',0,0,0,0.00,0,0,1533899305),
	(22,43,1,'3ZE62018081051569910',0,0,0,0.00,0,0,1533899443),
	(23,44,1,'CFU12018081097575399',0,0,0,0.00,0,0,1533899642),
	(24,46,1,'MSE02018081048485599',0,0,0,0.00,0,0,1533900032),
	(25,48,2,'QFW52018081051975610',0,0,0,0.00,0,0,1533900163),
	(26,52,1,'DMC62018081051539853',0,0,0,0.00,0,0,1533900947),
	(27,53,1,'0PY82018081051100981',0,0,0,0.00,0,0,1533900947),
	(28,54,1,'E16U2018081097509949',0,0,0,0.00,0,0,1533900970),
	(29,63,2,'3BZD2018081054101989',0,0,0,0.00,0,0,1533902342),
	(30,66,1,'VI1C2018081049100529',0,0,0,0.00,0,0,1533902481),
	(31,68,1,'GVQN2018081054979710',0,0,0,0.00,0,0,1533902534),
	(32,70,2,'DFXC2018081050541009',0,0,0,0.00,0,0,1533903090),
	(33,73,2,'RSXY2018081051995151',0,0,0,0.00,0,0,1533904755),
	(34,76,2,'50SJ2018081051101102',0,0,0,0.00,0,0,1533906035),
	(35,77,1,'GKQT2018081049989710',0,0,0,0.00,0,0,1533906657),
	(36,78,1,'D50R2018081052579910',0,0,0,0.00,0,0,1533906740),
	(37,79,1,'HVBA2018081098545457',0,0,0,0.00,0,0,1533907467),
	(38,79,2,'TI0H2018081057499710',0,0,0,0.00,0,0,1533907497),
	(39,80,2,'MDZI2018081010097975',0,0,0,0.00,0,0,1533908509),
	(40,82,1,'1WQ42018081057495197',0,0,0,0.00,0,0,1533913129),
	(41,85,1,'AZC02018081199521005',0,0,0,0.00,0,0,1533923388),
	(42,88,2,'MY5D2018081110255515',0,0,0,0.00,0,0,1533950191),
	(43,90,2,'RG1A2018081155575554',0,0,0,0.00,0,0,1533952231),
	(44,41,1,'ZRTN2018081199559848',0,0,0,0.00,0,0,1533952572),
	(45,99,1,'JCN62018081199995110',0,0,0,0.00,0,0,1533953996),
	(46,102,1,'DWVE2018081149489810',0,0,0,0.00,0,0,1533954129),
	(47,157,2,'QJ7Q2018081154481001',0,0,0,0.00,0,0,1533964342),
	(48,157,1,'LWXI2018081152971004',0,0,0,0.00,0,0,1533964356),
	(49,170,1,'MH0L2018081149531014',0,0,0,0.00,0,0,1533964529),
	(50,228,1,'NX142018081154495698',0,0,0,0.00,0,0,1533966502),
	(51,233,1,'9JQQ2018081197484997',0,0,0,0.00,0,0,1533966890),
	(52,264,2,'J2KQ2018081199995053',0,0,0,0.00,0,0,1533969484),
	(53,280,2,'BQSW2018081110297995',0,0,0,0.00,0,0,1533971999),
	(54,82,2,'ZK0V2018081110048529',0,0,0,0.00,0,0,1533973757),
	(55,41,2,'X9UG2018081148531025',0,0,0,0.00,0,0,1533976224),
	(56,300,1,'ZGSG2018081155555149',0,0,0,0.00,0,0,1533976599),
	(57,302,2,'P57X2018081151565449',0,0,0,0.00,0,0,1533976707),
	(58,301,1,'G58N2018081154505799',0,0,0,0.00,0,0,1533976710),
	(59,330,1,'73AY2018081197554997',0,0,0,0.00,0,0,1533979930),
	(60,343,2,'6HOD2018081156495752',0,0,0,0.00,0,0,1533983448),
	(61,344,1,'7FNL2018081199100531',0,0,0,0.00,0,0,1533983452),
	(62,335,1,'0KGU2018081155485610',0,0,0,0.00,0,0,1533983591),
	(63,346,2,'K48T2018081156505552',0,0,0,0.00,0,0,1533983736),
	(64,349,2,'MK6Q2018081151995251',0,0,0,0.00,0,0,1533987331),
	(65,355,2,'C5US2018081298975010',0,0,0,0.00,0,0,1534043483),
	(66,358,2,'XGKS2018081299485098',0,0,0,0.00,0,0,1534059948),
	(67,366,1,'CG2S2018081298994948',0,0,0,0.00,0,0,1534064411),
	(68,369,1,'OGGX2018081256495297',0,0,0,0.00,0,0,1534075768),
	(69,381,2,'4QZN2018081357521029',0,0,0,0.00,0,0,1534127465),
	(70,384,1,'FX1X2018081310210010',0,0,0,0.00,0,0,1534142575),
	(71,387,2,'IFN22018081310151525',0,0,0,0.00,0,0,1534155086),
	(72,388,1,'JOME2018081348525056',0,0,0,0.00,0,0,1534155488),
	(73,389,1,'JMPL2018081310010157',0,0,0,0.00,0,0,1534156157),
	(74,390,1,'024B2018081398505448',0,0,0,0.00,0,0,1534160731),
	(75,391,2,'UUW82018081349565754',0,0,0,0.00,0,0,1534162641),
	(76,394,2,'IZWK2018081598579949',0,0,0,0.00,0,0,1534302043),
	(77,395,2,'L8CP2018081551481015',0,0,0,0.00,0,0,1534302211),
	(78,395,1,'VZ0X2018081510253995',0,0,0,0.00,0,0,1534302271),
	(79,396,1,'62SZ2018081599535698',0,0,0,0.00,0,0,1534302348),
	(80,397,2,'W7PF2018081598100519',0,0,0,0.00,0,0,1534302779),
	(81,398,1,'GW892018081550985710',0,0,0,0.00,0,0,1534303250),
	(82,400,2,'36XL2018081550514810',0,0,0,0.00,0,0,1534303522),
	(83,401,1,'K7082018081553101975',0,0,0,0.00,0,0,1534303525),
	(84,402,2,'H0LZ2018081598565398',0,0,0,0.00,0,0,1534303563),
	(85,401,2,'M0HN2018081549539754',0,0,0,0.00,0,0,1534303633),
	(86,403,1,'TIRF2018081550100499',0,0,0,0.00,0,0,1534304290),
	(87,407,1,'RNV82018081551525054',0,0,0,0.00,0,0,1534304771),
	(88,407,2,'ROXE2018081556495756',0,0,0,0.00,0,0,1534305256),
	(89,414,1,'TLIJ2018081598529955',0,0,0,0.00,0,0,1534343515),
	(90,366,2,'ZKTS2018081698555555',0,0,0,0.00,0,0,1534375883),
	(91,417,1,'KD4K2018081650549710',0,0,0,0.00,0,0,1534403234),
	(92,418,1,'ZDKZ2018081657485356',0,0,0,0.00,0,0,1534405097),
	(93,432,2,'D3842018081710150505',0,0,0,0.00,0,0,1534500990),
	(94,435,1,'4GZ22018081950499948',0,0,0,0.00,0,0,1534643250),
	(95,436,1,'YH7Y2018081948574852',0,0,0,0.00,0,0,1534644704);

/*!40000 ALTER TABLE `bargain_bargain_order` ENABLE KEYS */;
UNLOCK TABLES;


# Dump of table bargain_data
# ------------------------------------------------------------

DROP TABLE IF EXISTS `bargain_data`;

CREATE TABLE `bargain_data` (
  `id` int(10) unsigned NOT NULL AUTO_INCREMENT,
  `goods_id` int(11) NOT NULL COMMENT '对应商品id',
  `p50` varchar(500) NOT NULL COMMENT '1-50人',
  `p100` varchar(500) DEFAULT NULL COMMENT '50-100人',
  `p200` varchar(700) DEFAULT NULL COMMENT '100-200人',
  PRIMARY KEY (`id`)
) ENGINE=MyISAM DEFAULT CHARSET=utf8;

LOCK TABLES `bargain_data` WRITE;
/*!40000 ALTER TABLE `bargain_data` DISABLE KEYS */;

INSERT INTO `bargain_data` (`id`, `goods_id`, `p50`, `p100`, `p200`)
VALUES
	(1,1,'81.23,1.4,37.66,97.64,55.77,116.76,78.68,46.28,1.43,1.38,1.28,1.44,2.61,1.41,1.6,1.37,130.74,66.52,1.43,51.48,63.12,97.05,1.31,1.42,12.56,82.67,67.31,1.35,127.44,69.02,130.37,80.53,42.65,1.3,85.05,117.58,1.07,131.38,12.74,1.45,1.52,1.36,124.94,112.22,1.41,115.88,1.48,33.18,1.16,1.37','4.33,1.83,1.84,4.77,48.22,84.78,5.28,1.23,35.90,3.96,1.07,1.24,102.87,2.10,56.47,40.68,1.21,51.99,1.39,46.36,76.17,47.10,86.06,85.66,55.22,2.59,1.22,1.01,1.45,2.87,1.99,85.30,76.40,1.23,1.31,97.68,1.02,1.04,1.33,29.67,34.12,1.17,107.02,101.44,1.01,66.76,67.52,91.14,40.78,35.20','19.61,19.74,38.04,11.43,48.22,1.31,1.37,27.67,42.77,31.84,38.99,38.12,1.35,1.4,1.35,14.66,1.43,47.38,32.26,1.36,32.03,28.1,3.05,1.35,48.34,1.36,1.41,1.33,1.32,30.17,1.29,1.38,1.38,16.51,1.34,32.76,1.35,26.22,22.37,1.38,1.37,47.59,3.6,45.23,1.74,37.29,47.17,41.26,1.43,19.3,1.37,33.63,49.53,24.97,1.34,1.29,23.35,42.2,1.44,25.65,1.3,45.42,20.15,16.47,1.84,26.65,40.72,1.28,1.34,30.61,1.36,24.69,1.4,32.51,47.85,1.33,1.49,1.39,1.4,11,1.42,3.32,48.91,1.26,39.09,44.78,43.8,2.52,1.37,1.39,22.43,1.36,18.45,1.44,19.1,35.2,31.48,1.39,39.9,5.7'),
	(2,2,'50.22,5.17,5.02,3.92,26.5,56.68,43.53,5.4,5.58,5.12,4.92,5.59,9.42,5.11,44.14,5.04,4.8,4.89,5.02,4.81,50.98,43.98,4.93,50.83,5.89,4.59,6.52,5.16,5.06,4.67,40.04,32.2,27.46,4.81,5.12,53.02,5.19,5.26,5.54,4.92,23.1,30.4,5.07,5.06,4.91,5.05,5.91,4.92,5.13,43.4','1.08,57.04,1.12,1.08,1.13,1.20,10.67,64.77,31.12,1.13,13.72,1.18,3.54,1.16,46.18,35.94,1.18,1.14,45.20,1.14,1.09,1.06,1.03,45.67,19.98,74.38,1.11,1.13,1.78,1.01,1.55,69.70,57.31,1.10,75.45,1.29,1.21,1.03,1.03,65.72,1.18,21.75,1.06,1.11,84.08,84.71,1.19,2.42,1.15,57.00',NULL);

/*!40000 ALTER TABLE `bargain_data` ENABLE KEYS */;
UNLOCK TABLES;


# Dump of table bargain_goods
# ------------------------------------------------------------

DROP TABLE IF EXISTS `bargain_goods`;

CREATE TABLE `bargain_goods` (
  `id` int(10) unsigned NOT NULL AUTO_INCREMENT COMMENT '主键',
  `goods_name` varchar(200) CHARACTER SET utf8 COLLATE utf8_unicode_ci NOT NULL COMMENT '商品名称',
  `img1_id` varchar(50) NOT NULL DEFAULT '0' COMMENT '商品图片缩略图id',
  `img2_id` varchar(50) NOT NULL DEFAULT '0' COMMENT '商品图片大图id',
  `activity_money` decimal(7,2) unsigned NOT NULL DEFAULT '0.00' COMMENT '活动价,最低砍价',
  `original_price` decimal(7,2) unsigned NOT NULL DEFAULT '0.00' COMMENT '原价',
  `bargain_section` varchar(20) CHARACTER SET utf8 COLLATE utf8_unicode_ci NOT NULL DEFAULT '' COMMENT '砍价区间',
  `bargain_section2` varchar(20) CHARACTER SET utf8 COLLATE utf8_unicode_ci NOT NULL DEFAULT '' COMMENT '砍价区间2【用户线上砍价(新用户砍价区间)】',
  `join_count` smallint(5) unsigned NOT NULL DEFAULT '0' COMMENT '参与人数',
  `goods_desc` varchar(500) CHARACTER SET utf8 COLLATE utf8_unicode_ci NOT NULL COMMENT '活动商品描述',
  `goods_desc_m` varchar(50) NOT NULL COMMENT '商品简短描述,用于分享出去链接显示',
  `attr1_id` smallint(5) unsigned NOT NULL DEFAULT '0' COMMENT 'attr1属性',
  `attr2_id` smallint(5) unsigned NOT NULL DEFAULT '0' COMMENT 'attr2属性',
  `type` tinyint(1) NOT NULL DEFAULT '0' COMMENT '0是线上，1是地推',
  PRIMARY KEY (`id`),
  KEY `attr2_id` (`attr2_id`),
  KEY `attr1_id` (`attr1_id`),
  KEY `type` (`type`)
) ENGINE=InnoDB DEFAULT CHARSET=utf8;

LOCK TABLES `bargain_goods` WRITE;
/*!40000 ALTER TABLE `bargain_goods` DISABLE KEYS */;

INSERT INTO `bargain_goods` (`id`, `goods_name`, `img1_id`, `img2_id`, `activity_money`, `original_price`, `bargain_section`, `bargain_section2`, `join_count`, `goods_desc`, `goods_desc_m`, `attr1_id`, `attr2_id`, `type`)
VALUES
	(1,'隐适美隐形矫正','/static/bargain/images/sm_03.jpg','/static/bargain/images/big_02.jpg',33800.00,39800.00,'','',0,'<ul><li><span style=\"font-size: 0.36rem\">Invisalign</span>隐适美系统是一种近乎隐形的创新型治疗方法,</li><li>可以轻柔而持久地矫正你的牙齿。 </li><li>既能满足矫正牙齿的需要,</li><li>又同时避免了传统托槽矫正能看到<em style=\"font-size: 0.36rem;font-style:normal;color: red;\">“钢牙”</em>的缺点。</li><li>只需佩戴一副透明的牙套，</li><li>就能让牙齿有效、精准的移动。</li></ul>','',0,0,0),
	(2,'进口金属自锁托槽矫正','/static/bargain/images/sm_05.jpg','/static/bargain/images/big_01.jpg',11800.00,13800.00,'','',0,'<p style=\"text-indent: 2em;\">自锁正畸托槽是指在正畸治疗中，用一种专用的黏结剂固定在牙齿表面的一种金属或陶瓷等材料制成的装置，用于容纳和固定正畸钢丝，传递矫治力到牙齿，从而达到牙齿矫正的目的。</p>','',0,0,0);

/*!40000 ALTER TABLE `bargain_goods` ENABLE KEYS */;
UNLOCK TABLES;


# Dump of table bargain_helpers
# ------------------------------------------------------------

DROP TABLE IF EXISTS `bargain_helpers`;

CREATE TABLE `bargain_helpers` (
  `id` int(10) unsigned NOT NULL AUTO_INCREMENT COMMENT '主键ID',
  `helper_id` int(10) unsigned NOT NULL DEFAULT '0' COMMENT '帮助者ID',
  `order_id` int(10) unsigned NOT NULL DEFAULT '0' COMMENT '发起者订单主键id',
  `create_time` int(10) unsigned NOT NULL DEFAULT '0' COMMENT '参与时间',
  `bargain_money` decimal(5,2) unsigned NOT NULL DEFAULT '0.00' COMMENT '砍掉价格',
  PRIMARY KEY (`id`),
  KEY `assistor_id` (`helper_id`),
  KEY `bargain_id` (`order_id`)
) ENGINE=InnoDB DEFAULT CHARSET=utf8;

LOCK TABLES `bargain_helpers` WRITE;
/*!40000 ALTER TABLE `bargain_helpers` DISABLE KEYS */;

INSERT INTO `bargain_helpers` (`id`, `helper_id`, `order_id`, `create_time`, `bargain_money`)
VALUES
	(1,22,14,1533897358,50.22),
	(2,30,16,1533898109,50.22),
	(3,32,18,1533898171,81.23),
	(4,31,18,1533898202,1.40),
	(5,33,17,1533898352,81.23),
	(6,36,17,1533898531,1.40),
	(7,39,17,1533898767,37.66),
	(8,40,17,1533898854,97.64),
	(9,28,17,1533899863,55.77),
	(10,47,24,1533900127,81.23),
	(11,46,24,1533900133,1.40),
	(12,50,17,1533900500,116.76),
	(13,52,26,1533900999,81.23),
	(14,55,26,1533901087,1.40),
	(15,54,28,1533901173,81.23),
	(16,58,28,1533901233,1.40),
	(17,59,24,1533901522,37.66),
	(18,64,16,1533902362,5.17),
	(19,27,16,1533902392,5.02),
	(20,63,29,1533902409,50.22),
	(21,67,29,1533902489,5.17),
	(22,69,29,1533902609,5.02),
	(23,71,32,1533903130,50.22),
	(24,91,44,1533952637,81.23),
	(25,41,44,1533952743,1.40),
	(26,92,44,1533952818,37.66),
	(27,93,44,1533953037,97.64),
	(28,94,44,1533953085,55.77),
	(29,95,44,1533953609,116.76),
	(30,96,44,1533953624,78.68),
	(31,97,44,1533953800,46.28),
	(32,100,44,1533954096,1.43),
	(33,101,44,1533954112,1.38),
	(34,104,44,1533954181,1.28),
	(35,105,44,1533954212,1.44),
	(36,106,44,1533954378,2.61),
	(37,107,44,1533954635,1.41),
	(38,108,44,1533954724,1.60),
	(39,109,44,1533954824,1.37),
	(40,111,44,1533955557,130.74),
	(41,112,43,1533955599,50.22),
	(42,113,44,1533955764,66.52),
	(43,114,44,1533956046,1.43),
	(44,115,44,1533956125,51.48),
	(45,116,44,1533956310,63.12),
	(46,119,44,1533957062,97.05),
	(47,118,44,1533957062,1.31),
	(48,120,44,1533957077,1.42),
	(49,121,44,1533957099,12.56),
	(50,122,44,1533957135,82.67),
	(51,123,44,1533957199,67.31),
	(52,124,44,1533957332,1.35),
	(53,125,44,1533957397,127.44),
	(54,127,44,1533957553,69.02),
	(55,128,44,1533958007,130.37),
	(56,129,44,1533958447,80.53),
	(57,130,44,1533958453,42.65),
	(58,131,44,1533959348,1.30),
	(59,132,44,1533960086,85.05),
	(60,133,44,1533960595,117.58),
	(61,134,44,1533960645,1.07),
	(62,135,44,1533960665,131.38),
	(63,136,44,1533960686,12.74),
	(64,137,44,1533960737,1.45),
	(65,138,44,1533961214,1.52),
	(66,139,44,1533961418,1.36),
	(67,140,44,1533961550,124.94),
	(68,141,44,1533961629,112.22),
	(69,142,44,1533961711,1.41),
	(70,144,44,1533963493,115.88),
	(71,145,44,1533964035,1.48),
	(72,146,44,1533964160,33.18),
	(73,147,44,1533964179,1.16),
	(74,148,44,1533964183,1.37),
	(75,149,44,1533964190,81.23),
	(76,150,44,1533964200,1.83),
	(77,151,44,1533964203,1.84),
	(78,152,44,1533964247,4.77),
	(79,154,44,1533964251,48.22),
	(80,153,44,1533964255,84.78),
	(81,155,44,1533964263,5.28),
	(82,156,44,1533964288,1.23),
	(83,157,44,1533964316,35.90),
	(84,158,44,1533964321,3.96),
	(85,159,44,1533964344,1.07),
	(86,160,44,1533964349,1.24),
	(87,161,44,1533964350,102.87),
	(88,162,44,1533964423,2.10),
	(89,157,48,1533964463,81.23),
	(90,164,44,1533964479,56.47),
	(91,163,48,1533964480,1.40),
	(92,165,44,1533964491,40.68),
	(93,167,48,1533964500,37.66),
	(94,168,44,1533964509,1.21),
	(95,169,44,1533964514,51.99),
	(96,166,48,1533964519,97.64),
	(97,172,44,1533964537,1.39),
	(98,173,44,1533964552,46.36),
	(99,174,44,1533964564,76.17),
	(100,175,48,1533964602,55.77),
	(101,176,44,1533964724,47.10),
	(102,178,44,1533964734,86.06),
	(103,177,44,1533964738,85.66),
	(104,179,44,1533964788,55.22),
	(105,180,44,1533964790,2.59),
	(106,181,44,1533964791,1.22),
	(107,182,44,1533964803,1.01),
	(108,184,44,1533964836,1.45),
	(109,183,44,1533964838,2.87),
	(110,185,44,1533964871,1.99),
	(111,187,44,1533964892,85.30),
	(112,186,44,1533964897,76.40),
	(113,188,44,1533965029,1.23),
	(114,189,44,1533965076,1.31),
	(115,191,44,1533965110,97.68),
	(116,192,44,1533965130,1.02),
	(117,193,44,1533965161,1.04),
	(118,194,44,1533965184,1.33),
	(119,195,44,1533965187,29.67),
	(120,196,44,1533965194,34.12),
	(121,199,44,1533965248,1.17),
	(122,202,44,1533965278,107.02),
	(123,201,44,1533965279,101.44),
	(124,200,44,1533965282,1.01),
	(125,203,44,1533965302,66.76),
	(126,204,44,1533965332,67.52),
	(127,205,44,1533965378,91.14),
	(128,206,44,1533965495,40.78),
	(129,207,44,1533965498,35.20),
	(130,208,44,1533965529,4.33),
	(131,209,44,1533965534,103.54),
	(132,210,44,1533965541,1.15),
	(133,212,44,1533965595,2.56),
	(134,213,44,1533965634,1.27),
	(135,214,44,1533965749,1.30),
	(136,215,44,1533965875,1.40),
	(137,216,44,1533965928,14.54),
	(138,218,44,1533966027,115.84),
	(139,217,44,1533966029,1.25),
	(140,219,44,1533966100,1.03),
	(141,220,44,1533966113,84.64),
	(142,221,44,1533966196,1.21),
	(143,222,44,1533966251,1.03),
	(144,223,44,1533966288,47.47),
	(145,224,44,1533966342,76.25),
	(146,225,44,1533966345,1.47),
	(147,226,44,1533966384,1.20),
	(148,227,44,1533966430,1.15),
	(149,228,44,1533966455,91.04),
	(150,229,44,1533966615,63.93),
	(151,230,44,1533966624,17.75),
	(152,231,44,1533966724,4.81),
	(153,232,44,1533966756,1.01),
	(154,234,44,1533966946,1.39),
	(155,235,44,1533966954,1.65),
	(156,233,44,1533967070,52.27),
	(157,236,44,1533967276,101.64),
	(158,238,44,1533967470,82.63),
	(159,239,44,1533967555,83.55),
	(160,240,44,1533967951,2.17),
	(161,241,44,1533967992,97.11),
	(162,242,44,1533968104,1.07),
	(163,243,44,1533968118,1.16),
	(164,244,44,1533968122,100.75),
	(165,245,44,1533968176,1.33),
	(166,246,44,1533968325,1.19),
	(167,247,44,1533968328,1.26),
	(168,248,44,1533968351,1.33),
	(169,250,44,1533968533,1.08),
	(170,249,44,1533968661,94.61),
	(171,251,44,1533968721,1.04),
	(172,252,44,1533968830,1.06),
	(173,254,44,1533969046,119.84),
	(174,255,44,1533969053,1.17),
	(175,256,44,1533969114,78.51),
	(176,257,44,1533969152,86.78),
	(177,259,44,1533969205,29.10),
	(178,261,44,1533969267,45.20),
	(179,263,44,1533969478,74.08),
	(180,262,44,1533969481,100.19),
	(181,265,44,1533969569,103.54),
	(182,266,44,1533969585,1.15),
	(183,267,44,1533969754,2.56),
	(184,268,44,1533969820,1.27),
	(185,269,44,1533969854,1.30),
	(186,270,44,1533969865,1.40),
	(187,271,44,1533969877,14.54),
	(188,272,44,1533969958,115.84),
	(189,273,44,1533970083,1.25),
	(190,274,44,1533970823,1.03),
	(191,275,44,1533970981,84.64),
	(192,276,44,1533971152,1.21),
	(193,260,44,1533971343,1.03),
	(194,279,44,1533971652,47.47),
	(195,280,44,1533971950,76.25),
	(196,281,44,1533972581,1.47),
	(197,282,44,1533972757,1.20),
	(198,283,44,1533973517,1.15),
	(199,284,44,1533973593,91.04),
	(200,285,44,1533973654,63.93),
	(201,286,44,1533973871,17.75),
	(202,287,44,1533973956,4.81),
	(203,288,44,1533974409,1.01),
	(204,289,44,1533974686,1.39),
	(205,290,44,1533974885,1.65),
	(206,291,44,1533975155,52.27),
	(207,292,44,1533975181,101.64),
	(208,293,44,1533975298,82.63),
	(209,294,44,1533975374,83.55),
	(210,296,44,1533976076,2.17),
	(211,298,44,1533976255,97.11),
	(212,297,44,1533976256,1.07),
	(213,299,44,1533976495,1.16),
	(214,302,57,1533976944,50.22),
	(215,304,57,1533976950,5.17),
	(216,306,57,1533977074,5.02),
	(217,308,44,1533977095,100.75),
	(218,307,44,1533977117,1.33),
	(219,309,44,1533977224,1.19),
	(220,310,44,1533977409,1.26),
	(221,312,44,1533977534,1.33),
	(222,313,44,1533977710,1.08),
	(223,314,44,1533978110,94.61),
	(224,315,57,1533978247,3.92),
	(225,316,44,1533978264,1.04),
	(226,317,44,1533978390,1.06),
	(227,318,44,1533978764,119.84),
	(228,319,44,1533978864,1.17),
	(229,320,44,1533978908,78.51),
	(230,321,57,1533979313,26.50),
	(231,322,44,1533979428,86.78),
	(232,324,44,1533979467,29.10),
	(233,325,44,1533979493,45.20),
	(234,326,44,1533979569,74.08),
	(235,327,44,1533979677,100.19),
	(236,328,57,1533979713,56.68),
	(237,329,57,1533979854,43.53),
	(238,330,57,1533979949,5.40),
	(239,345,57,1533983658,5.58),
	(240,353,57,1533990720,5.12),
	(241,354,57,1534032588,4.92),
	(242,356,65,1534043566,50.22),
	(243,355,65,1534043635,5.17),
	(244,358,66,1534060127,50.22),
	(245,359,66,1534061285,5.17),
	(246,360,66,1534061732,5.02),
	(247,361,66,1534061793,3.92),
	(248,362,66,1534061855,26.50),
	(249,363,66,1534062768,56.68),
	(250,364,66,1534063038,43.53),
	(251,365,66,1534063622,5.40),
	(252,368,66,1534074221,5.58),
	(253,370,68,1534076071,81.23),
	(254,371,66,1534091158,5.12),
	(255,366,67,1534091492,81.47),
	(256,373,66,1534123778,4.92),
	(257,374,66,1534123815,5.59),
	(258,375,66,1534124267,9.42),
	(259,376,66,1534124375,5.11),
	(260,378,66,1534124482,44.14),
	(261,379,66,1534124603,5.04),
	(262,380,66,1534125124,4.80),
	(263,382,66,1534131246,4.89),
	(264,383,66,1534135423,5.02),
	(265,372,66,1534165396,4.81),
	(266,403,81,1534303645,81.23),
	(267,398,81,1534303789,1.40),
	(268,406,77,1534304753,50.22),
	(269,406,78,1534304777,81.23),
	(270,408,81,1534305822,37.66),
	(271,410,77,1534318967,5.17),
	(272,411,81,1534330027,97.64),
	(273,412,81,1534338655,55.77),
	(274,413,81,1534338791,116.76),
	(275,391,92,1534405124,81.23),
	(276,419,66,1534481530,50.98),
	(277,420,66,1534481917,43.98),
	(278,421,66,1534482662,4.93),
	(279,423,66,1534486036,50.83),
	(280,424,66,1534487641,5.89),
	(281,425,66,1534489508,4.59),
	(282,426,66,1534489739,6.52),
	(283,427,66,1534489881,5.16),
	(284,428,66,1534490913,5.06),
	(285,429,66,1534491279,4.67),
	(286,436,94,1534644522,81.23);

/*!40000 ALTER TABLE `bargain_helpers` ENABLE KEYS */;
UNLOCK TABLES;


# Dump of table bargain_images
# ------------------------------------------------------------

DROP TABLE IF EXISTS `bargain_images`;

CREATE TABLE `bargain_images` (
  `id` int(10) unsigned NOT NULL AUTO_INCREMENT,
  `img_path` varchar(100) NOT NULL COMMENT '图片路径',
  PRIMARY KEY (`id`)
) ENGINE=MyISAM DEFAULT CHARSET=utf8;



# Dump of table bargain_users_info
# ------------------------------------------------------------

DROP TABLE IF EXISTS `bargain_users_info`;

CREATE TABLE `bargain_users_info` (
  `id` int(10) unsigned NOT NULL AUTO_INCREMENT,
  `openid` varchar(50) NOT NULL,
  `nickname` varchar(20) NOT NULL COMMENT '微信号昵称',
  `sex` tinyint(3) unsigned NOT NULL DEFAULT '0' COMMENT '性别1男',
  `city` varchar(10) NOT NULL COMMENT '市级',
  `province` varchar(10) NOT NULL COMMENT '省级',
  `country` varchar(10) NOT NULL COMMENT '国家',
  `headimgurl` varchar(300) NOT NULL COMMENT '头像地址',
  `create_time` int(11) NOT NULL DEFAULT '0',
  `update_time` int(11) NOT NULL,
  PRIMARY KEY (`id`),
  UNIQUE KEY `UNIQUE` (`openid`)
) ENGINE=MyISAM DEFAULT CHARSET=utf8;

LOCK TABLES `bargain_users_info` WRITE;
/*!40000 ALTER TABLE `bargain_users_info` DISABLE KEYS */;

INSERT INTO `bargain_users_info` (`id`, `openid`, `nickname`, `sex`, `city`, `province`, `country`, `headimgurl`, `create_time`, `update_time`)
VALUES
	(1,'odSvU1Fc02QC5AEFrs1TySUIXHwk','郭先生',1,'福州','福建','中国','http://thirdwx.qlogo.cn/mmopen/vi_32/Q0j4TwGTfTKUmqCkA9u03KIMLjnx03IE8tLmwrLtECFRrRuPoeib9FSRxhfMAsdCbH0Xiad9YGlH34hABvqZgOPg/132',1533895585,1533895585),
	(2,'odSvU1CFwh5ktKjYR4FUFpLb67cU','李燕青',2,'巴中','四川','中国','http://thirdwx.qlogo.cn/mmopen/vi_32/Q0j4TwGTfTLLeDE4zoVDB5TJ3IvyA5lqkGYaW9Mt4iajJ8ziaB5zr9TT7V36UTpUlePygEJicicG6KY5hrcJRWMmXw/132',1533895647,1533895647),
	(3,'odSvU1Go42IxypRPnGUuqDpXgOJI','王辉',1,'成都','四川','中国','http://thirdwx.qlogo.cn/mmopen/vi_32/fQaNyoTy6bMJaUrEogTQdUGrBcRkn1ndicVdVLu7RjMXnrWCxBfQFp0gGhaaQ0ibOk00LicygDXWVO6diaVx8uOgUg/132',1533895734,1533895734),
	(4,'odSvU1BuOfGsPTQrAtrGqE5pbRSE','A',2,'黄浦','上海','中国','http://thirdwx.qlogo.cn/mmopen/vi_32/0SfXcxgnYWz2o55QTHW3mwicAxQ1vs0iaRTe0XwSvcZicaGnoyWI55IHkWc9ZqBMkuHdrku1cryxswcHicmFFFnxnA/132',1533895990,1533895990),
	(5,'odSvU1F2o5dVzjkxi1_2LtyIMkkk','IFILWYBYLMWICLM',0,'','','','http://thirdwx.qlogo.cn/mmopen/vi_32/QiacnRNeEJVv7FKa1gk7xILMp4TgDqmA9h2D0zBicP3XVeYoWptjScnJWelP7yibEqhYzs22MSTFiaUhian8YHvhVDg/132',1533896013,1533896013),
	(6,'odSvU1AZa1OfQt6cV3w16aySwoWs','财富规划师李勇18990256225',0,'','','','http://thirdwx.qlogo.cn/mmopen/vi_32/iakK5WvR2nH1zSF6iaJcJO5zjgkU4M5wd6EXXkdXgpGBLoLg4IShrCRRV6wicJVc5rcEZZOTAibZqQjTxm1H5lCl1A/132',1533896025,1533896025),
	(7,'odSvU1IRgYSGqISYe-9cbLlC9E0w','成令',1,'成都','四川','中国','http://thirdwx.qlogo.cn/mmopen/vi_32/3MseGbeqSEfibtQjLBkKPg6JH7V99JKVoTPGp0A9icQdgOiapQM7qI5C9mpFECOQjLRNserTuNibjnp40iaONenacuQ/132',1533896164,1533896164),
	(8,'odSvU1HRH7HGv8sif4ssjLUpLxsk','尼古丁',1,'成都','四川','中国','http://thirdwx.qlogo.cn/mmopen/vi_32/Q0j4TwGTfTJa3mE9yzZYJEYqkbNNLDHzcYFKgib1cfdc6Zb13kHFcrbs7l5gCpIxKkUdMP9NEqmclZlQKiaCKxQQ/132',1533896168,1533896168),
	(9,'odSvU1F7t0a9GqaRMP4DMXwI-CgM','hyx',1,'成都','四川','中国','http://thirdwx.qlogo.cn/mmopen/vi_32/5xcDPbcfjBPZ1ibO9p1hgOcFTI1a74d6nzrfsdno1zmchnYpXib195PwneHTOmx0xm2CxLenvMzZ4HEh267nJiazg/132',1533896183,1533896183),
	(10,'odSvU1Dq0OaVklrb_EnwpMyUa7N8','东方翠花',2,'','韦克斯福德','爱尔兰','http://thirdwx.qlogo.cn/mmopen/vi_32/Q8iaK8Q9reTwblmibNFPSickRNBXkHzXWBTqUdkEJmicR96fOCtfIvroSRpONeJ04qTJzNdE8iazDNZPx3rQpvOUc2g/132',1533896192,1533896192),
	(11,'odSvU1FywaXIc1NgMXtg6QUe0mc8','张欢',2,'成都','四川','中国','http://thirdwx.qlogo.cn/mmopen/vi_32/PlUB6amWAQggfJC36oPj5RN2ZJ04Uxj02J7CxbQRQU7mkquGbiaMRdwbYgNfib352QPJSz9GGQib32pe5mia3eEzjQ/132',1533896228,1533896228),
	(12,'odSvU1DDDUCDU9zhRTXjyNnwW7_0','王雨晴',2,'成都','四川','中国','http://thirdwx.qlogo.cn/mmopen/vi_32/DYAIOgq83eq4icHvtAjTIBecia7lquR4wwkBIqjmJbeEI0GHPm5iaicxphqevH0OjJeC1hTTrxUlb6o3Ihibknsdazg/132',1533896230,1533896230),
	(13,'odSvU1JwHLKkxcKhTKmKkU9veKlA','金$刚（Perfect）',1,'成都','四川','中国','http://thirdwx.qlogo.cn/mmopen/vi_32/hhVnibzpD2GoMnibcPf8ibZVibwXwMGa4CwQ87cnENuyXZ7Dib9dOia58wcqs0OcARYKZHLEk00w6cPvoIIoYWU6hGIg/132',1533896260,1533896260),
	(14,'odSvU1KeQez6DExF5A1AIjl7Qzdw','Ich梨子',1,'资阳','四川','中国','http://thirdwx.qlogo.cn/mmopen/vi_32/DYAIOgq83eq2edQZrFBu7UGufVp2ndRCQChJy7mllfg9SAvpa1xyVibflWcM3AjlIB4RoqZCW4XRax3Kdia4MoGQ/132',1533896280,1533896280),
	(15,'odSvU1LPY5irv9EkrfhWkewiIkbM','高硕',1,'成都','四川','中国','http://thirdwx.qlogo.cn/mmopen/vi_32/XWhib8FHNvH8Bq6f1CwbyhicbmrXzOaU4TtYlYJPkE52icWcnAqYiaM7tS5Mvqv82SZ8mjfY3y3niaEsicibbhT5pmHOg/132',1533896391,1533896391),
	(16,'odSvU1PCKojc4zVWDtWgyxnIcmOc','我是一只小小鱼',2,'雅安','四川','中国','http://thirdwx.qlogo.cn/mmopen/vi_32/bibGFYW8GeTdPlnvcVkIDbmPQWFouhX5ia7vw6aX4VJ16P8GI6cjCREIhOnLJEmI4OB6fREF4urAWWkzOeo2F2xw/132',1533896631,1533896631),
	(17,'odSvU1D2i0AnejDmwtK29cmJxj-A','Wan ',2,'成都','四川','中国','http://thirdwx.qlogo.cn/mmopen/vi_32/Jstogu0jaTG6WQfKIld6n9Wyx72ibnVj4HyibgBDictPLAbzENRKpIaGIicyWc3y3Y3yUCE4SY6rkJ23Hrl8Gliczsg/132',1533896724,1533896724),
	(18,'odSvU1F-pSLKUa3ZkHGkS2Mcvtn0','王逢春',1,'成都','四川','中国','http://thirdwx.qlogo.cn/mmopen/vi_32/o15KLsbib1Z5Fa8fm64yWFnRGkd8AGYaIZ96GEX93qzPpzRjcdw6rCY6oblvAOwL8sbdImYXhr7XjW6VSbp9TDQ/132',1533896835,1533896835),
	(19,'odSvU1Nw_MGqma3dsx4JbMf57naA','지민',2,'绵阳','四川','中国','http://thirdwx.qlogo.cn/mmopen/vi_32/qBfnq0XFyUfaR2KGge8nrpGMA6xzqAG2icRV4shTaTDZaibouIXLpaztGZDSxTqcvEpZpxVaEvHh9ZrWraeH74pQ/132',1533896932,1533896932),
	(20,'odSvU1F5k7g_u-UXrYq6-R4XA4Lg','L',0,'','','','http://thirdwx.qlogo.cn/mmopen/vi_32/PiajxSqBRaEKla3pCK5iaBibEeau68D3k3Tjbs5lw4uHmSVq7VZFFTbNZLl4rs0Zp6YXx9abv0DJ6XDOTibliapLG9A/132',1533897223,1533897223),
	(21,'odSvU1McABUy5aGWoNklwuDgxUyU','君水清',2,'成都','四川','中国','http://thirdwx.qlogo.cn/mmopen/vi_32/ERjTK14MQKuz0LfTUsmH6iaE12wbLqlbGoL04NfRWM7RR5UoBzPb4POWAXIT1Tb0t3q5z2VIorkCXTwoo3q2tuw/132',1533897286,1533897286),
	(22,'odSvU1HSasSwKaHq9P6SngFzFxS8','yoCat',1,'成都','四川','中国','http://thirdwx.qlogo.cn/mmopen/vi_32/Q0j4TwGTfTK3K0Dq5obC6ibM8h8CEh69RyoSn5OLsNX6bDmOlFVibUm2YvGJcSZkTzyicJpws08e0W5nEokAfERXQ/132',1533897354,1533897354),
	(23,'odSvU1Clzd2V6FBcpKTiR98NCZMU','',1,'凉山','四川','中国','http://thirdwx.qlogo.cn/mmopen/vi_32/DYAIOgq83eo3rSFBfS32gbJPztiaXn9TDwyicicwgBwnEHibHewwicNRVUiagAF0Nrbwwz1FmIBibP3Jicbc063sjQ5Fbg/132',1533897384,1533897384),
	(24,'odSvU1B1H6x4FEe3leaGoAt32l2k','向往未来',1,'成都','四川','中国','http://thirdwx.qlogo.cn/mmopen/vi_32/1lmunfsCnQdicP56DGhLjWicuZ25QChicuCiaj2XZia5ibxJicsjic4N0goWwkGtQIOdaLd451tobKJvaRGA7g8onIC7CQ/132',1533897397,1533897397),
	(25,'odSvU1ArC8LdwE6cfBQFSb9JvSkI','王红光',1,'','','','http://thirdwx.qlogo.cn/mmopen/vi_32/QkXe0aXbUGTIrflvUKEniaKuRSWWdFGb177M38E4y0nOicH6TW5bqD8gGmsWVmcSibaIK4mjroibQRJWEl2IcYR2AQ/132',1533897454,1533897454),
	(26,'odSvU1Nyg3_MQrwFcNB5d4FuH43I','A柏誉健身',2,'成都','四川','中国','http://thirdwx.qlogo.cn/mmopen/vi_32/Jf3hhzUeT1NdgzdiblcAB9yYrPHCfwbC1DyuIf0xok5ylYwUXWXyicSzfQ7wvWXTIBr4K5TVA9LjhKeVj54ZJ1Uw/132',1533897902,1533897902),
	(27,'odSvU1GSo25CPdw9z9uHWbuwJj8c','小罗',2,'','','百慕大','http://thirdwx.qlogo.cn/mmopen/vi_32/KibtG4nEDDBggcePpBBL1yia9iavdHXoaPa49XCZnJjAuCM4hp2VvRYmDU2DKU2CibJFm5TPDomf3hgwa58dwUiapGA/132',1533897986,1533897986),
	(28,'odSvU1AtrbHCZykPUevJcruTfV_E','A当青春恋上迷彩',2,'成都','四川','中国','http://thirdwx.qlogo.cn/mmopen/vi_32/ThhJT26Tas7BMb1WH1n7wT5qDJZq3U3R8RWiaRgYNaHFavnnG9D4JjpJeW2tmGvbXenCQSnBHJ8iawXjBfJPVBDw/132',1533898018,1533898018),
	(29,'odSvU1DvWIsMGmjn75Cnw5hjjjxs','小叶子～',2,'成都','四川','中国','http://thirdwx.qlogo.cn/mmopen/vi_32/DYAIOgq83erpE8od0sxSbgBVcmpKCePVLwWqXMPx8FwZ4YP0LfL00DyHnAENy1m3F8G0ibA3dEQzeLiaqsYcBP4A/132',1533898022,1533898022),
	(30,'odSvU1GnPFqm4RB3n6OOakFU8LEA','彭媛',2,'成都','四川','中国','http://thirdwx.qlogo.cn/mmopen/vi_32/Q0j4TwGTfTJyey9dgpaxMJFpicqOwOgh5wlMcIl1aXEuBJhD3ZHrGJGwffD5Cwb6TuCicYVfktwKibmpbOW3MtxsQ/132',1533898099,1533898099),
	(31,'odSvU1OuEoBialQ0-m2apsjiwT-E','ZL',2,'成都','四川','中国','http://thirdwx.qlogo.cn/mmopen/vi_32/neHiaiasQGVWe3cMcI7Dekmic6xIYXNibREteM5p9nKhiaPlDlFkibMOYl7liaoeE4Qqqia0L48OZ277LHu4DFs5iawolfg/132',1533898112,1533898112),
	(32,'odSvU1Jut4fp97W8cxJHuS9w-KrQ','浩瀚星宇',1,'成都','四川','中国','http://thirdwx.qlogo.cn/mmopen/vi_32/anl3qgiaD4h6CN900WgvhJSsb1ZLpjarWQhEpvvdKLcgia6DGv9ao0mh6MvT37Fv8FqbDpof06BSP7ykPL0icwHPA/132',1533898169,1533898169),
	(33,'odSvU1Bn_bG5Lriz0mbj7EwIrbb4','浅陌',2,'成都','四川','中国','http://thirdwx.qlogo.cn/mmopen/vi_32/ibGB15pr94JMzSUWPvvlcUtoksicyAY9Eln6C8ZTaM1RWNMJWdSY64K4PuQSOxjSzjnO3LvmCjiat2mIxPNM0icyibw/132',1533898347,1533898347),
	(34,'odSvU1DrmXXT7zNFfbKFWz8VrIXc','天涯',1,'宜宾','四川','中国','http://thirdwx.qlogo.cn/mmopen/vi_32/Q0j4TwGTfTJvgf9ECLYEPKh3PCovrYEYfIU5FvT7V468ktKuiaspiaQTp3ibZfAOIicyDVDLJRNicpayfOXpyicuJjSQ/132',1533898429,1533898429),
	(35,'odSvU1CV8sKd2NvMmLlKM0yF3CxM','点缀青春',2,'成都','四川','中国','http://thirdwx.qlogo.cn/mmopen/vi_32/SicbFZiaSUwz8JO9TPZXvtS2ia4fkd70lY1T3urFtGvBgXd8jqLFSbbgFQibOF4Zopziax4kMDea3PMfL5lUDY6jhpg/132',1533898487,1533898487),
	(36,'odSvU1PcM3YhEZPZAeif7IqQZyho','得瑟过劲必闪腰 i',2,'','','','http://thirdwx.qlogo.cn/mmopen/vi_32/Q0j4TwGTfTLPUzM2lhnakBA8x7DKRNfSCNPJgPnhIcNfTbBfEcZn90ZjKxEHs98nSjEDtiaJNQRovWlNs7y29bw/132',1533898520,1533898520),
	(37,'odSvU1Hw15NajfAbKczwFvJI6m5k','开心果',2,'成都','四川','中国','http://thirdwx.qlogo.cn/mmopen/vi_32/FdohxE9P5Sc5bzAsHsngeqeobJWXFfCMrGE007fVo5te86RmPtm9GdPjiaXkA59TcRLCgkUL0lsAR2HMWYvPdmw/132',1533898594,1533898594),
	(38,'odSvU1HHFuUG9Pxj9dyhNmIZu32o','王畅畅！',2,'成都','四川','中国','http://thirdwx.qlogo.cn/mmopen/vi_32/vLu8eic2Or0krEdGqLt2JMFyVJvE5OYcJCqGdhuopicKoOkjv2GUlOXG4a1ias4ObVC5XzGhN8lr1rN6Foc047yEw/132',1533898676,1533898676),
	(39,'odSvU1BItOU5vcPVyZyBUIsynlFM','晓香香',2,'成都','四川','中国','http://thirdwx.qlogo.cn/mmopen/vi_32/Q0j4TwGTfTI5ibDCoV5zgiadxiceFkkRS2A2sgWib9wY72jmQgsZ2qsics0s7d52bbTekuwhHptfNDDfQEagdIVDdXg/132',1533898764,1533898764),
	(40,'odSvU1OH_JyysQMYHLVfTlNch6-w','握不住的沙，扬了它',1,'成都','四川','中国','http://thirdwx.qlogo.cn/mmopen/vi_32/kCmmeOkNYTKl0fhOjbwRCuhMsiafCJboIdOibOCfzIjsdt6ibQ4KfWRV9Zg5MG2q8sTnm4FqLRdTo4mXEpI1lZd6w/132',1533898843,1533898843),
	(41,'odSvU1DNSLYqKJImbDvCp5QMfrM0','LCY*',2,'泸州','四川','中国','http://thirdwx.qlogo.cn/mmopen/vi_32/Q0j4TwGTfTLMldux8wkJgzxPrxofJL1MKNdvKBs1NznCTXfX4icW7Q4KRhuzcDOeQYjNwu4iccE04w0hCjlqoL4g/132',1533899160,1533899160),
	(42,'odSvU1LSARecR0tP2jbijvj4a7bc','夕逝',1,'','','阿尔巴尼亚','http://thirdwx.qlogo.cn/mmopen/vi_32/iaic5SLXTibJthx6FkBOdgWzEeHfKBDtlBxfVgcHzkZfgD8nleiayicNymzVZdiadsjfzC49cvicJ1dhcZ6NmCa0FPLKg/132',1533899293,1533899293),
	(43,'odSvU1FKKnsol2bMKHj3hSoXNzSA','郑老大',0,'','重庆','中国','http://thirdwx.qlogo.cn/mmopen/vi_32/DYAIOgq83eq7mQQR3szLCknxdxOEXyTQibt1phohPLTr3Fia0hyxPgyicIMAiceB3dFTib1AocZMD8XDyG3GoZtIVGg/132',1533899421,1533899421),
	(44,'odSvU1M-l3fGxipLi86wXN5J-cew','飞飞飞',2,'成都','四川','中国','http://thirdwx.qlogo.cn/mmopen/vi_32/DYAIOgq83eqnlF6fmCID6Pt2csVcvJJOhVX8icvJg1fO4y0pwUe25Y1YCUru0dxdPUtF1tkATLeeJS0TrFVgzsw/132',1533899424,1533899424),
	(45,'odSvU1P7Mt17meT9wngdZNGkIUJo','披头散发的女神',2,'成都','四川','中国','http://thirdwx.qlogo.cn/mmopen/vi_32/3UIDPcWIFcQKetQX7ibXLkHKFDaXrjt6noOGiaEk5V4JN6oTFzibgibpNMiaSiaH74iaN5Gf6aJib4xlYzVaO3A9Xxn2Bg/132',1533899982,1533899982),
	(46,'odSvU1O1nRDGfJf9hGanyyLRwIQY','Kelly',2,'成都','四川','中国','http://thirdwx.qlogo.cn/mmopen/vi_32/U9sKGTYw16iakTFqWGYFvkYeXVNj9PHpeUTU0Qnqwas19e9vicnjY7vUoNYM0EhXLueBj0Ld9AwweA2NicaIRJzcw/132',1533900022,1533900022),
	(47,'odSvU1BzE3j1YHcx7z0Kdx1UpGec','李佳卉',2,'成都','四川','中国','http://thirdwx.qlogo.cn/mmopen/vi_32/Ywx61ocIKicdewhWAGkYUrB192IARmVtWzQzBnFAEQ6XiabCnBplicmvj1n6kqDMzxTgrKNpEf3wicgQXoW1Cjiawcg/132',1533900124,1533900124),
	(48,'odSvU1DxbmY20Gx3hXmTNPyBgoQY','天霸咚霸TUA',1,'成都','四川','中国','http://thirdwx.qlogo.cn/mmopen/vi_32/2PyuGKxPU4FaraiavzFoiat8L9RBWL1iaay15RgbfOWmyBiaxLzmGk3k8OTMOR1kML8BMEpRPop75Y4stpYBNa4S1Q/132',1533900162,1533900162),
	(49,'odSvU1BypE1Mq8dqTqLuthQMWM7w','哎呀呀',2,'成都','四川','中国','http://thirdwx.qlogo.cn/mmopen/vi_32/Q0j4TwGTfTIe054iboHcGPMlVotxy6A6HlrAXTNJFOzsB5MAFfziarcmHpdRAVyLIskpnibEuf8rHSqBquT1GdHyQ/132',1533900285,1533900285),
	(50,'odSvU1AOP76qK2ivE9vbXnewGpCU','陪伴',2,'成都','四川','中国','http://thirdwx.qlogo.cn/mmopen/vi_32/XD6Z2mWToV6TVuiaW9mQic9rGDfIw4WeCjiaqxS8uE2QiavGJuOxHpHMOv0KkVqpx9BTb9xAO7uicOy8kTtDCgyaUpg/132',1533900489,1533900489),
	(51,'odSvU1HGc6bn2Hs3RklN3lmNTMFo','胡乱唱歌',2,'','','玻利维亚','http://thirdwx.qlogo.cn/mmopen/vi_32/0RbHHMMSlgTdInZtbpEyKX07VGCF3nDDBSkiaeooK5lxLSxesjgeWNQ2sbUCI7sAj0ianhSM3B9lcCibR7FP3yqGg/132',1533900666,1533900666),
	(52,'odSvU1AbFmlaxsk2XgCYLN7hqldA','媛媛',2,'成都','四川','中国','http://thirdwx.qlogo.cn/mmopen/vi_32/1KQnqk8allGrcnyfMPtrR9q1zldRWSljMSfkXU67bcqv9jvqvRPOXsPJlk7fuYwP9gicOhIQzialpnRbmX03fBgA/132',1533900925,1533900925),
	(53,'odSvU1JxECp1poc3Bai6UftTXAY0','早晨',2,'资阳','四川','中国','http://thirdwx.qlogo.cn/mmopen/vi_32/GoG3ILzNvVhKr5KG30ibT3gjrMNokG1esXiaVrCztJku7OlUbWhR7phiaUYoHu3jqkTlINoEnVFABIx5u1iams2OZw/132',1533900939,1533900939),
	(54,'odSvU1P-wY7Fwu_-n0d3gq1KD8Wg','么尔、',2,'','上海','中国','http://thirdwx.qlogo.cn/mmopen/vi_32/ZrLCSWnzOWN2PWRDYUHoGfaIvgoeMpEiakibGPO5f37zTSBbdWBqCt5j0WHGfuaNKlZWzU76pgdyaRhq0VkbqnEQ/132',1533900951,1533900951),
	(55,'odSvU1ApqoHtPJU8fp7m_Migy0-U','小亚',2,'成都','四川','中国','http://thirdwx.qlogo.cn/mmopen/vi_32/ib6yicPfpOZ91wBbpqTLDoFGpxEynNoibfFHnTJA97AudfYY0L6fmIicO0o7qhdBaUtCcQQNcibQ0hyQibydVX5eX2fg/132',1533901084,1533901084),
	(56,'odSvU1OnWs4yUv30uH2Af6WO9HeM','鄧',1,'德阳','四川','中国','http://thirdwx.qlogo.cn/mmopen/vi_32/rlfm4s4e5fFLngsjO5tFq5qxt18DydGCnd4xJDwdlIuUHMx6YqUAH9fD6klIDRUWNUBWrqcZkjBDfX6PTNKNiag/132',1533901091,1533901091),
	(57,'odSvU1AZyDEX_aOWzsxsUnbmCawg','清心',2,'墨尔本','维多利亚','澳大利亚','http://thirdwx.qlogo.cn/mmopen/vi_32/Q0j4TwGTfTKwc5akn7micOz6ibhOgBjY1Vo2VjOwibiceEnOWXUZDomWMCNDDtGVOnhFESXzAEtibRUGaSpJtr3Kqhg/132',1533901168,1533901168),
	(58,'odSvU1D9HPfjmM_TBjtjPGkTlb6c','ど余生守护你つ',1,'','四川','中国','http://thirdwx.qlogo.cn/mmopen/vi_32/Q0j4TwGTfTIcOJGHkESnHNKkt3yXBrASwRR9y8N7bfiaNtfmcoVEoPr7NeeNATktCJ5ld1IxZbfBO9zMq2dldYw/132',1533901231,1533901231),
	(59,'odSvU1NLPN_mnZKPqA3JKCQfducc','',2,'九龙坡','重庆','中国','http://thirdwx.qlogo.cn/mmopen/vi_32/kV2VtZ7ohALUI6wxCKG9ticU3ND5ZIFTPChYG43A40V6oibTypYetrft4iapH53BraYarVAVIicKgEWzvvrnouVVyw/132',1533901519,1533901519),
	(60,'odSvU1IkSqfCm84jh1gVSh9OZr6s','麋鹿钢琴',2,'成都','四川','中国','http://thirdwx.qlogo.cn/mmopen/vi_32/iblGOxiasyC6NX8QNabmpUicyicBVIDUJh9K1OpianbOcOz6dBGWhBNicynkQzo70m72MYEWkTkzeWqUt9gKu5YzqEbg/132',1533901675,1533901675),
	(61,'odSvU1FgZKFf530nEXLvCkLEQKk4','玉儿',2,'成都','四川','中国','http://thirdwx.qlogo.cn/mmopen/vi_32/Em8NQPLnV5cDWXYevk0VOuQ3R6Xak8wmRRdcWChwac9Ovp07mFQkhKNXLILzn7Hib5aksHHib7QXTlFBhHVGF0kw/132',1533901746,1533901746),
	(62,'odSvU1HkkHoC1c-2vYXhe0DFtgKI','七月',2,'成都','四川','中国','http://thirdwx.qlogo.cn/mmopen/vi_32/DYAIOgq83erRAgXdaPiaXzdZMFaedVFiaS1LLStpC49biajjm2mk1xQFPd1Kv5j0wab63JBPbBXLiaQ1Ln3JdpdBpA/132',1533901855,1533901855),
	(63,'odSvU1BM8KNNWwfxaepHDbzhl_Mg','丁丝儿',2,'成都','四川','中国','http://thirdwx.qlogo.cn/mmopen/vi_32/DYAIOgq83epOCYqvPhA4gOMXiac51D4WjXlXjVmjyliauMvcdsmVTeOgahk9uJlVplPp7354tPaCKaJUONMe3JFA/132',1533902338,1533902338),
	(64,'odSvU1BvJ2ycl56BPa7di-4d9o_8','lc阿伄',2,'成都','四川','中国','http://thirdwx.qlogo.cn/mmopen/vi_32/j60zsz3biaWnWu5UpFb0CYxXMC5QmibicU9muqVTBWCqT7yB89e3punYBMeIk4T1Qc0SsmQOedOpgCALicV4OoahNQ/132',1533902360,1533902360),
	(65,'odSvU1G6ryk7mHS_ChZttakXHcLY','',2,'内江','四川','中国','http://thirdwx.qlogo.cn/mmopen/vi_32/Q0j4TwGTfTLD8ia3yWyiaVc5LQyiaatdgforP6VIsxwuRQKHnavqHgssWRz8bNCqKanWUpwHyeU1cJmPcoXjeqhicw/132',1533902412,1533902412),
	(66,'odSvU1Iy85w77rx4knShUZTBl0JQ','我超级厉害的',0,'','','','http://thirdwx.qlogo.cn/mmopen/vi_32/xmCDRqibFXOJAboXQtsy8LUdhqibExHrXFichvdXCxRUMxt09tDyXcKvhNFH048nfz95Qo51xBBZaUREAwREA0qtw/132',1533902462,1533902462),
	(67,'odSvU1PI1oiCvhWyc8gJfmdOdJJc','',2,'成都','四川','中国','http://thirdwx.qlogo.cn/mmopen/vi_32/ZBAFYNOLbJe401nUBt7dU9ZGc6Fz2jzSIb9kjibMHPQOeOibiaTAPUWgVAfZ4ZIJC09JNp2vMamViaqzuibAjdjDfAw/132',1533902485,1533902485),
	(68,'odSvU1BVr997lHfq6hOUXDh5wITU','章鱼',2,'成都','四川','中国','http://thirdwx.qlogo.cn/mmopen/vi_32/ZmqadcHCibl4dVe4Hz9eY8jZwHQVdlfbibPHASjsFYduA7NLBWRQFZGKiaYuCRUa4dA79l9r4s8ENclrvFCKQplRA/132',1533902526,1533902526),
	(69,'odSvU1ElawnyVmHhAAL5c-SH_b9A','不识卿',0,'','','','http://thirdwx.qlogo.cn/mmopen/vi_32/Q0j4TwGTfTLard73s4fMYNgzEfw8Z3dfI6Zmx1ic3KAzAeezFkVpqiaiahkia9mJQPCbpC5mORkwB4WkqJLDHxQQNw/132',1533902607,1533902607),
	(70,'odSvU1JMSOWoFrO3J_7KdsKwZ9uk','Slow',2,'北区','香港','中国','http://thirdwx.qlogo.cn/mmopen/vi_32/YWDvMF5VFuicnGFaib1ags21Yc7jNVLZmBbkK6L0tYzVyibpcpQCiaohxgpjY4a6Cg8M1UECa4k5HzbGeCVsVczH0A/132',1533903077,1533903077),
	(71,'odSvU1FiDAK3Kru-_c2c2PpEw9mk','再會又一世',2,'','','卢森堡','http://thirdwx.qlogo.cn/mmopen/vi_32/dbaxbv1dxDwicIRpUkWPzt6vo9DXxSjjev7wdpvUxXLpqrS7ia6dzJiaIlIjjqpygiaUBUX2T8YE3wepBBdqHEUbUg/132',1533903128,1533903128),
	(72,'odSvU1DtY3ndIN4ROJodDkbsBf7A','晓艳',2,'宜宾','四川','中国','http://thirdwx.qlogo.cn/mmopen/vi_32/kf2Tjiarbdkj31CfNpl7emTtdsXaoPjkgnvU8TDODrasDg9rHkxf3gfaoicSzn30drYcsyS6qmpAvfRaeHBicpzzg/132',1533903470,1533903470),
	(73,'odSvU1Nfw-xSurRT6pxp5ydYuqqE',' ',2,'','','玻利维亚','http://thirdwx.qlogo.cn/mmopen/vi_32/myYcdPnQrhuZTN8Bia6w6kBsFBZQnk7lUD2gTcW0PbcLYBXib52B8iawhKIXDMViaxwMibLtoG9wHLpo23A8uicCy3UQ/132',1533904750,1533904750),
	(74,'odSvU1Cwsy_BzRa45LDgaKpacQjY','紫茶燕儿',2,'攀枝花','四川','中国','http://thirdwx.qlogo.cn/mmopen/vi_32/Pf0YbIo79u0ShHO92iatA8yIfhQswB4KVybGn4sSEUxhJzJHeicsVibf28jqTQBdHjtNKicfMbpwsNhuYtZcTjdp5g/132',1533905425,1533905425),
	(75,'odSvU1IHorpb1QgGaMdAJonKJwTA','～croissant～',2,'成都','四川','中国','http://thirdwx.qlogo.cn/mmopen/vi_32/jC9YXrUYTwor34Dq6icJ6rib72tEcqyQSfUpSJs7h1fCValNUnRTgXVWYHZsH5pjrugIFeRHjIP3pIvmz3bSniclg/132',1533905749,1533905749),
	(76,'odSvU1AKMatxyEk4DYv1v5bkDWgI','一年生',2,'成都','四川','中国','http://thirdwx.qlogo.cn/mmopen/vi_32/Qby8nCRQ8Rq62E0A90VuccYvAmSaCZOjonrEa58xSYDjfviajETwUIMfKeoianmZGBcpic0EyBUFypawt5ggv5VRg/132',1533906016,1533906016),
	(77,'odSvU1EBFIEmBBKaOygCnSjfiLwQ','不说再见。',2,'成都','四川','中国','http://thirdwx.qlogo.cn/mmopen/vi_32/fV8GUwIaZjZibvPWcg4PZPxamuZTJ6SWibuNmBckOsfeMrn1DHPHgMtrGTwWLclTCWcBllUziaicxeSGMDyfyBjPZA/132',1533906639,1533906639),
	(78,'odSvU1JBAVxS5tDYpMoWbHd-YMBc','问题小孩',2,'巴中','四川','中国','http://thirdwx.qlogo.cn/mmopen/vi_32/PiajxSqBRaELgicN1pBibEfIxLuv0RX4SoRWLXMtIIt97ics40BG74mbyjnnXFbvicYaiaHSnSnRJrFAoqWX3Q0cUljg/132',1533906722,1533906722),
	(79,'odSvU1G5N6VFmCEz49Y1njR2IWHo','万华',2,'成都','四川','中国','http://thirdwx.qlogo.cn/mmopen/vi_32/Q0j4TwGTfTLs1FRrgeeEYgvcfj1wgUBiae7oNcSicIQJibHxJQcfbaOcmwfqAN8SKl7elQibEKZeZW9KPia0tgRyrrw/132',1533907465,1533907465),
	(80,'odSvU1G1nQ36Kh3OHdPS3S1iXX6o','时光',0,'','','','http://thirdwx.qlogo.cn/mmopen/vi_32/Q0j4TwGTfTLoEHtGeHzFfm1UthCy6ZKy8hRiaYt6a8BLPF6SaTSbobpkNuRPyHly0pdibQffiaVicGz04enOATvQfQ/132',1533908494,1533908494),
	(81,'odSvU1KOc-TtrRBky7dhvN7j6QcA','X',2,'成都','四川','中国','http://thirdwx.qlogo.cn/mmopen/vi_32/9oqD3tjEm1WrgHesxsq5Y88KULedPiavwWd2TXPMa7HWIursVvwRVdn12Ojmk7lhJtU6meWRbKtwIU73ucDofXA/132',1533908522,1533908522),
	(82,'odSvU1G0lfxcgI5xyUpx_iQTcH3M','张 秋',1,'成都','四川','中国','http://thirdwx.qlogo.cn/mmopen/vi_32/x8LuPSialJTHHE6ogA39vGMnM3UVjdjE382z1PkMOFjAOibHuHqp7Q5MsicJPFF3XzDhLhjVSGANficAYPicFxdZa0g/132',1533913116,1533913116),
	(83,'odSvU1ChoZ3hnJlmSWPsp4L_EAv0','敏敏',2,'成都','四川','中国','http://thirdwx.qlogo.cn/mmopen/vi_32/vI2ReeCzcvDrJBKriczYO8T9rmHfvcia6BtNCA1QCScQj9Iwqiapy17rfZTWdwBXmktG33u9Nuu0icAibQRKTYpic90g/132',1533913621,1533913621),
	(84,'odSvU1NLd1d790el1krVFLt2_gJ4','萝卜头',1,'内江','四川','中国','http://thirdwx.qlogo.cn/mmopen/vi_32/Q0j4TwGTfTIdTW04fUcDryibPk9arJUvr35yCf0L23lHsydfcnmjq3o5ABe9w1CiaMrmSCeQktIPP2u71T36N4zg/132',1533922001,1533922001),
	(85,'odSvU1HKSs_cZBSzQDfi4sYtbVfI','edwin',1,'成都','四川','中国','http://thirdwx.qlogo.cn/mmopen/vi_32/PiajxSqBRaEIrQmiaKNrZLVtA0pfd9GVicOE0nEiabFYumDbFoeRJaRWf5tEs1BxhibiaDswxFLNa3gDGWLTeNN7bqZw/132',1533923377,1533923377),
	(86,'odSvU1AkUKc-ud7Pix2xoQbkOavs','W1LL',1,'成都','四川','中国','http://thirdwx.qlogo.cn/mmopen/vi_32/JsTl27nENOtPNHbjQa5VRrcicWI2EfXELtkXf7y6HDUbuvPicEBdibUZAqDNmylqZF2SgRzREibC4LGic4TIiaGYk2fw/132',1533924258,1533924258),
	(87,'odSvU1KmtF01mfohLHjy7EdIOs3s','',2,'成都','四川','中国','http://thirdwx.qlogo.cn/mmopen/vi_32/V7ynj4hLzyickDyw27ibFZGAeZhC4xzfaxOMia8YXMdicfydJXpqTticjokUOJh1DvO5xo7pS8mkCribhH642Pl8qHMg/132',1533950146,1533950146),
	(88,'odSvU1P6dPMqs_rVf9HLHsjNFO-c','思漫（喜宝改名了）',2,'成都','四川','中国','http://thirdwx.qlogo.cn/mmopen/vi_32/Nib4PfWeA5hibaoRlX0ormiafOWmUd1icTIDm5hnmmeFdtwsHddu4xfgfgIXw2fyqlFUCjZzHJhwicjGiaIrJxump5Lg/132',1533950181,1533950181),
	(89,'odSvU1GQZM8vcwsKRXIatiOe55Ss','是你的青春无敌美少女战士',2,'成都','四川','中国','http://thirdwx.qlogo.cn/mmopen/vi_32/1M9OiaRCQbYP33adRjwOkHnhibZuaicDzTgWXtubJ6yiaplDLibQkzp4VxgTbDF3DB0Viaxj45ZEUD37PkmqTIuy2CkA/132',1533950947,1533950947),
	(90,'odSvU1PEku1XSrREItLvbxDncDD4','王三碎',2,'成都','四川','中国','http://thirdwx.qlogo.cn/mmopen/vi_32/XcudCk0M9x90bc93U0WzL2B1anyCoUiauOFic1DppdbQB8icmuGPoQ02IflqttW5RLL2WLESyS8sMJHt8QedM2Ceg/132',1533952205,1533952205),
	(91,'odSvU1AdwNC2UQ2UdkYWw-KJ_uRQ','玺宝Jackson',0,'成都','四川','中国','http://thirdwx.qlogo.cn/mmopen/vi_32/C7E12VaGp3DZD2VPbQKweyic35NYFG4G0TT3k5WtxeUDvfZjzsqOkib9cZhibyBoLxoLicTwRCuvD2kBunsibYauqAQ/132',1533952634,1533952634),
	(92,'odSvU1L6Hz9E3dwifrSL-WURVEgY','shalalala',2,'乐山','四川','中国','http://thirdwx.qlogo.cn/mmopen/vi_32/LFRT1gk3t9TI5Ppxl2YCWL6Zkza02jxnV2JWUL0NGUuox0SticFVo3JNgsolRib4ynYLHjaqTeib9vQBSRzvia8OnA/132',1533952766,1533952766),
	(93,'odSvU1D6iVANusGmCohT-phsVyiw','L',1,'攀枝花','四川','中国','http://thirdwx.qlogo.cn/mmopen/vi_32/sYibwNWhVN34iczZVh7psgjAicLGvbTvbwicOfeoBv8xW5aIC11RM0GeEQSarcMZ3BQhYvbkooGpHj0f9yehoZE0pA/132',1533953034,1533953034),
	(94,'odSvU1KieLUuIFC06o-XX5DH-L7g','图金鱼',2,'成都','四川','中国','http://thirdwx.qlogo.cn/mmopen/vi_32/LoCicFyhdEbhFugFAVvjgzCTick6lvQ7dplmib5baj4YjvH3GPgQScU46ksdyJ4xFOJ3nhP1ia4ibt63gJs8A3jBaicg/132',1533953083,1533953083),
	(95,'odSvU1EcF6mE1SAh0wJaDhYjyNKo',' 吴菡程 ',2,'宜宾','四川','中国','http://thirdwx.qlogo.cn/mmopen/vi_32/wIzdjxOSE0a4qbN8gMHIeowj9o8K6Z2A5weRQXT9hljHB3BTLdGtkcC04eLqX7eEpuCLWM4dm5FLoDBcIQPsYg/132',1533953605,1533953605),
	(96,'odSvU1Eq1JCEd76IUQg1TPDQzMRQ','狒琳',2,'泸州','四川','中国','http://thirdwx.qlogo.cn/mmopen/vi_32/Q0j4TwGTfTKGROaXKkHOs0bGmqYPfcvsmphstGFtHYgJXre9JLsBlXicUNI3k9dpZzEqjkGGvGpvPwDqYDbBGSw/132',1533953617,1533953617),
	(97,'odSvU1D7lzXF-UAEBZGezU40MeCs','Ofina~',2,'','四川','中国','http://thirdwx.qlogo.cn/mmopen/vi_32/LfW08IhQO2Iht5QXzic4KcWb90qfqpFqfQiceSk0WpZ9z6beCSrzxsXf6CzB80AoDlsRXLOeyreV8mPLXaiaYicSSQ/132',1533953796,1533953796),
	(98,'odSvU1HBNV0t666GQJnm2mW8MTb0','',2,'成都','四川','中国','http://thirdwx.qlogo.cn/mmopen/vi_32/6zcNZZmTflNOoq1JrdvSEDRSoD7J29M34Liaxks1kAcqcUVgeJrAvo9lFfxZQiccxdFzQtvgbicxfesDz9BuZIptg/132',1533953878,1533953878),
	(99,'odSvU1MUZU-Dxa9whzrIb0GnKSkE','江边頁',2,'成都','四川','中国','http://thirdwx.qlogo.cn/mmopen/vi_32/qOAXiaj48Y3ibIONyibVPQawTOfjf8twC2pCxLIRFj3aJ6lEI5Xj77BX9NSHlXzkcqDtzbQd1mARiadJJDtbtMZEFg/132',1533953984,1533953984),
	(100,'odSvU1Bbw9mPr2AzbPfwOJWP1qBo','wu. ',1,'南充','四川','中国','http://thirdwx.qlogo.cn/mmopen/vi_32/XcALDh2sylQDRnmLd3uaDEm7j2OiaxX0GBjK6kgTsmYsuFXxe60m5TxicS34jB3eKb00TfciaK78a1A0I5c3A84WA/132',1533954060,1533954060),
	(101,'odSvU1PvZ9thv0M4PU0f5q1kJ38U','GJ',1,'达州','四川','中国','http://thirdwx.qlogo.cn/mmopen/vi_32/Q0j4TwGTfTLsPRbCWVT8LAw76HWnwx9iabynyHntlGdApQZiaibKia3W5Rd3icyjABibmiculBhAGffo5sXNbKb4jeOSA/132',1533954110,1533954110),
	(102,'odSvU1Hs-iOUn4x5vjj_6NvOdX7o','Xixi段',2,'','','洪都拉斯','http://thirdwx.qlogo.cn/mmopen/vi_32/aicJ39BlCctwgMGMForFP9NriaaYbndBNCIyIReWnCQts0RhTYNljp1PJePNsYrDHWT9vhiakuHuwSQE49gWxKljA/132',1533954114,1533954114),
	(103,'odSvU1Ew-vOrAO6Yfn4nXL5XGlt0','可爱的你',2,'成都','四川','中国','http://thirdwx.qlogo.cn/mmopen/vi_32/GibCLgTx5qic3yle08iaQrhunuepVVQbjy2oy0Q9vXts3P7ibYRESm20CzBP8aRbr4nEOURPBouAMmZhmrjCQy176Q/132',1533954138,1533954138),
	(104,'odSvU1LaL16giC9GE-ezqAPU6r8g','陈信宏',1,'广安','四川','中国','http://thirdwx.qlogo.cn/mmopen/vi_32/L9xKe8dianDXCc7HqZYg2xD2YSY5RibEpF2EbjdNKKLBjvEQGp9psyCg2c3HLO5ibgibTcHef2ibxCIC9xydHt8X7aA/132',1533954179,1533954179),
	(105,'odSvU1P67t1UIP-pRKYlK4gaaGik','无畏',1,'成都','四川','中国','http://thirdwx.qlogo.cn/mmopen/vi_32/rXmosKBLzTfQWwUwfL4BsYpZ1PE2AiaWWADwsyXU0QMdsBzv513A89kIYAxoWODlJy5mTHOPuBCQiczfrF1WPQOA/132',1533954199,1533954199),
	(106,'odSvU1GUlsPyU6ypVdXTlw7QXov4','遇见你心花都开！',1,'泸州','四川','中国','http://thirdwx.qlogo.cn/mmopen/vi_32/Q0j4TwGTfTLlssb0AAnodcx2k7Lfdv7bVfQu6RtjAYCQgavmskIDOHIewe3EvJhlia9qMoOAFyks5ttRiboWOY6w/132',1533954372,1533954372),
	(107,'odSvU1KDuCoYQJzXbeFv69fhYw70','alone',0,'','','','http://thirdwx.qlogo.cn/mmopen/vi_32/dpUTanjm78m9fMuhGJiaOJTw812SOL66I5AtxG5ABiarg07IZXH5qmqQvIluW28tLxYznDo5wicTgvI2mlDiaF8XTQ/132',1533954628,1533954628),
	(108,'odSvU1LDRdSeW-zKM4TPxz2jpsq8','少年',1,'泸州','四川','中国','http://thirdwx.qlogo.cn/mmopen/vi_32/DYAIOgq83eqjbOdSE2QZ9UnIibXREAkdsDibqPPqIt56wwYRMKAvOth310Tm9m0OnMjdL1nlWbkNvicZXEH3PgjPQ/132',1533954716,1533954716),
	(109,'odSvU1L4Om56Ox-1oCxWIHDtVI20','Ww敏敏',2,'','四川','中国','http://thirdwx.qlogo.cn/mmopen/vi_32/L9VVrMFqrzdvncES2tFDbXs6KgCtgsH1hDrnks9r8Z3CrnsplDbrykfiaEqiav7V2Meicd2ZcEnorvAsH8hefchbw/132',1533954822,1533954822),
	(110,'odSvU1LYGEm3zFTFpQEdpbcC0jgc','FM 春艳',2,'成都','四川','中国','http://thirdwx.qlogo.cn/mmopen/vi_32/jIqM7TFdGdictiadciawBq0qu418qxiatH7kqFH90b7mfiaibME2BXWZAJHYNPhShLCLZD0JJSPiaLMeRrf76IKPOy6bw/132',1533955319,1533955319),
	(111,'odSvU1MrAtGAs-dDt3yf041P_DrM','人生如梦',1,'遵义','贵州','中国','http://thirdwx.qlogo.cn/mmopen/vi_32/FPBD7onmcv5YopK2Ra1uASr4eCoRd1ic6xOxuwdzYEZv8XwVtmwrLZibjVb7eWiaia9xeL2AAbo5ickFhn5Nsjs8ZWw/132',1533955554,1533955554),
	(112,'odSvU1D0ht5igw1Jq1cl6DGDubGI','相望江湖',1,'邯郸','河北','中国','http://thirdwx.qlogo.cn/mmopen/vi_32/Q0j4TwGTfTJ5mdMxq8smzN2KyQRf5YbCxwARro9fRYYhkicEc0omXsIm8NFcia0OjDF7pzkAvILWNPicWraGBDtyw/132',1533955590,1533955590),
	(113,'odSvU1By_9nK-MaxPhgNg7dYguI8','大毛',1,'泸州','四川','中国','http://thirdwx.qlogo.cn/mmopen/vi_32/29463nViciaBibziapIg37sDufUBlngZX3SvAqRibCOoI9lFAUjM5stYnJxJoO9wJ1bHLGob9mKqaqJ7J8iaaBMC1ymA/132',1533955719,1533955719),
	(114,'odSvU1NjpsW7frSsHvt_ofFU51A4','Ζ',1,'','','哈萨克斯坦','http://thirdwx.qlogo.cn/mmopen/vi_32/wSPsno1ucJMNVWykRPzU1YsJ1jEKQOOTClPc7jFYnOXDJ61FDRxbFNxNolTz82zZ0Na6ZyvUeZsyNoIA975Lyg/132',1533956044,1533956044),
	(115,'odSvU1MCs3CDzyAx05U5pTxnwFgM','wzr',2,'墨尔本','维多利亚','澳大利亚','http://thirdwx.qlogo.cn/mmopen/vi_32/Q0j4TwGTfTIaSArNlmfEL8HSkVGcnrJ3vwbLnnibkXINd8YDsFk1pGCVZ7c75RmCRFJjMYyjM0yUVpmZmjsECgA/132',1533956122,1533956122),
	(116,'odSvU1FLZvclU9Zi8V2niwzwETcY','mosang',2,'成都','四川','中国','http://thirdwx.qlogo.cn/mmopen/vi_32/4qdCfwIIHD0HJ5mhJmfbOzTpmLfIrm8z6Dp0FEAb0SFHqf5oKHoiaO2EIuQCfjLHeznjQXM8MMHm2VfoWNNeD1Q/132',1533956307,1533956307),
	(117,'odSvU1MXfxNeimtuBOFBbaQ1hOFw','YYe',1,'Suwon','Gyeonggi-d','KR','http://thirdwx.qlogo.cn/mmopen/vi_32/AA5xicp0y8d9ahJBPpyfDXrmtvfBicLUBialjkNRm1zjgBNgLu728QPw92vzX8GtLicswlvXmJ7QAbAkUiaaIszCpFQ/132',1533956552,1533956552),
	(118,'odSvU1DshAk7g4TNUWIDR0bj210U','邵阳',1,'泸州','四川','中国','http://thirdwx.qlogo.cn/mmopen/vi_32/IfAK159woN710ibOib63QkiaZtuOGnbHP5HpR0DWNZUcdaia6fUhCBAAQ8vdm2KvNanFU1GQibcyHSPkLoOA1UhYPcw/132',1533957059,1533957059),
	(119,'odSvU1OewWKcVvkUd9nmgJQdRKmY','不停',0,'','','','http://thirdwx.qlogo.cn/mmopen/vi_32/GnyuEh8u82kd8lrO0Wvbtic54j0knQb4ZChusjO5M617DvXkq6YHlcHWHn08IoxEiamRVA7Pz8R49WwXznnIHfhg/132',1533957059,1533957059),
	(120,'odSvU1NPuXbumRGCgW6-ZwoXoRl0','张大侠',1,'乐山','四川','中国','http://thirdwx.qlogo.cn/mmopen/vi_32/fU7LC2bFzaiadLOf8HOqiczuSRz5naHdT5JIwbOfN3olvuVaI0Tg8LBzkKrLnVIQRbq31PECGibsJzicYCFkV80icLw/132',1533957074,1533957074),
	(121,'odSvU1PjvG_xS9bymk14n5dLfZew','Ah Fool',2,'泸州','四川','中国','http://thirdwx.qlogo.cn/mmopen/vi_32/Dmut8TAWqbuJibGoqubSFXgr0UgmU9zkU7q8vibPhhsHFp4tteMicWTgA8XOlQOThxlmdiblf34VncUEZxQGV0Yuvg/132',1533957088,1533957088),
	(122,'odSvU1My3V41RwW841bcOAyr8hMA','种种。',2,'自贡','四川','中国','http://thirdwx.qlogo.cn/mmopen/vi_32/ZB3ibYRp6ibDBEJmIX4O5oQswuPFkEykz26SO5gkeuQIU5J9ZePNiaZfr08rrIQcFDfmxKCPD6iaP3v8tayziaNt0ww/132',1533957124,1533957124),
	(123,'odSvU1DxD68wFZOh0F-8YyFODBB4','-W',2,'成都','四川','中国','http://thirdwx.qlogo.cn/mmopen/vi_32/2JeF42KC4DqvTPxHUbgMicStKOk5eecicT7Dc49ib6w9icyiblXteictJNhQiagv1vFduYDvky0icTcvl0iaA0h9KpNDbkQ/132',1533957196,1533957196),
	(124,'odSvU1Adh3geO6lORBBnf0pTsEJs','是劉梅啊',2,'','四川','中国','http://thirdwx.qlogo.cn/mmopen/vi_32/Q0j4TwGTfTK6YJfOQFCQ6dbW7BUXNmO4B9wXLdt9CicXvVeXq2Z3AoJjk4ZGZLY37ype2FPDQdVzu9qTq1Nku0g/132',1533957326,1533957326),
	(125,'odSvU1AKLFXw7_c3wh6BlkGA9iW8','空蛹出蝶',2,'Seoul','Seoul','KR','http://thirdwx.qlogo.cn/mmopen/vi_32/IQ5Ux3dw2YiaiauAD4yClr1q0iaGK7saeXg1u0podLOVgew3SKVrvq9qejaxh7yOoib6GSy4jPgOatINMbVg4jKtEQ/132',1533957395,1533957395),
	(126,'odSvU1HGAoiIn8xuU2oUMdYfsL9A','AQueen',2,'成都','四川','中国','http://thirdwx.qlogo.cn/mmopen/vi_32/dEMTVQpfDEhrTZ4w1iaKUchZHPHfiapfuPicicneXblxSu61H8yVKNBS0sAqUPBAZS3nQ0IUumhLebEmOAYhOSY5dg/132',1533957464,1533957464),
	(127,'odSvU1O_t1zXiZtIhIHZwjmCn6V0','Ah Wooh',1,'泸州','四川','中国','http://thirdwx.qlogo.cn/mmopen/vi_32/Q0j4TwGTfTKh6Ws5qGqba9fpoI5Ms7oGwZ6CVMheAr2bibEnmuMSC2cuFRQQIUBicJXUtstV6uPyZlSWf4g8mt0A/132',1533957513,1533957513),
	(128,'odSvU1CzoKaF3DxBimG0T5h90bvg','王易阳',1,'泸州','四川','中国','http://thirdwx.qlogo.cn/mmopen/vi_32/xdicGCy5dw3RBOptkmziapzdPbHTSEMPUK1YicvgWDqdibsqgPd8FusjKczgdFEsX8Lb1KHnib2f3pBEyic0nia7rTcfQ/132',1533958005,1533958005),
	(129,'odSvU1FEubR6xL2_ncQ_KtvrzRe0','Alice',2,'','慕尼黑','德国','http://thirdwx.qlogo.cn/mmopen/vi_32/DYAIOgq83epiaL2tICk87TgqUiaoCxnxaBzTRptTAwXTxXhGFXL2lUwAodqCsy0w92pJpic8KzRfAZKMVyKQrfFCg/132',1533958442,1533958442),
	(130,'odSvU1Iz2Wqii2Epk8f8Omgobwtg','我们',2,'遂宁','四川','中国','http://thirdwx.qlogo.cn/mmopen/vi_32/ZdHZ8vlDjCoEIahscEfIXEZTG5OJS4Janibanm6u0t0KXcqxGDbbuu5a9QCS5lVQ1CoOcnosHIyLfVKOlkeOk1A/132',1533958450,1533958450),
	(131,'odSvU1AAzVHQj493J2OaHEjtX-RA','。。',1,'泸州','四川','中国','http://thirdwx.qlogo.cn/mmopen/vi_32/Xzp4Pvu4MqWMC28AWiaib2SOZT40SaXt3RibibtiaKr6DYFksZYpnKPMN5YAuEVyEDpDIqqeOJyeBTmR580tTSU7NZg/132',1533959337,1533959337),
	(132,'odSvU1IJcJFBTSBa0GFmafL3Acf4','燕梓喵',2,'成都','四川','中国','http://thirdwx.qlogo.cn/mmopen/vi_32/6wffr3ChbynFwtbadMkImouWAX8VmfLooo8JptibTmibP3vzaaJ3vY9bqQLr211xoQibOEtu8YtZ8eFCibiaPA7vRbw/132',1533960080,1533960080),
	(133,'odSvU1MYkeLkQ6r2gqBJOJ2jt1u4','여 예  ',2,'宜宾','四川','中国','http://thirdwx.qlogo.cn/mmopen/vi_32/xnCXLvFQxhpiaXrIGCbWDlVoO7XnqicyW6efITdHJyhKkRtJtzPo7bGqQTGptSYNiajd5K8hNC6WpR6mJsQoicxggA/132',1533960590,1533960590),
	(134,'odSvU1ANLM5zm8sPMupSo8T61HTQ','海豚张',2,'绵阳','四川','中国','http://thirdwx.qlogo.cn/mmopen/vi_32/1NqUiccSZj0ZszByZViaMgQ0PaQs7MyEnPesv8QWCWZicbtP9UGBs69tibMdbEV6iaZuicHj3KicggLfgicC9AOjCsH0XA/132',1533960642,1533960642),
	(135,'odSvU1Dc-ex8FRiVu3kJU74VWEe0','demons',1,'成都','四川','中国','http://thirdwx.qlogo.cn/mmopen/vi_32/lNibuECJ551QM9DicXibblkubvIGic6WKKXIcf5dy1iaonpn7yuLolMANq1lXpMzBp78zNNjBF0Yer0icrNb9HDhsicOA/132',1533960647,1533960647),
	(136,'odSvU1OjEzgjeBNCDBk1RKMseYjA','seven',2,'','','黎巴嫩','http://thirdwx.qlogo.cn/mmopen/vi_32/eswIMH3bibGmh54aNglPRTgeQPrItGoTJ7stE8CB9qt08ibQoY4Qum5lWD3JeqrSpqHkJ6PjO0NDT5ZfFJFHMiaKA/132',1533960670,1533960670),
	(137,'odSvU1GsQReIaHMztucNhI-vfkiI','Mini',2,'宜宾','四川','中国','http://thirdwx.qlogo.cn/mmopen/vi_32/ic7TGso61ArnFB8j4rxPMUaSJl80uqjRGfQIfPPJSkI1HH2EFAtCOTl03cAGWLXnEs0T7IeSbI3Ye3iaoX6zZIEQ/132',1533960732,1533960732),
	(138,'odSvU1InB9qOnI3TAt7f5JGTC7XI','WHC',2,'泸州','四川','中国','http://thirdwx.qlogo.cn/mmopen/vi_32/sYCWTzxod7g5g7RHBSX1QYBppQowCdcQwUrjomH68jUQTxbcLRevNDu4X9URZXzmXmjdaExWtBoTqIAWjzG2jw/132',1533961204,1533961204),
	(139,'odSvU1L7_AHGbY15I23ZxEChBPqI','B-umpkin',2,'绵阳','四川','中国','http://thirdwx.qlogo.cn/mmopen/vi_32/Vq9iaCj85bSRKbQ2ykRhNKOOkibgoZypbKdR2vzvjFkMvPZnapvdMWYf1m9kCFGlamMKv4bZjCj2WSLn44rOYr7Q/132',1533961415,1533961415),
	(140,'odSvU1CT81hjIPEwdOSwViQW9JTY','I\'m trying',2,'泸州','四川','中国','http://thirdwx.qlogo.cn/mmopen/vi_32/wibYwE23Fa0Mlr3XQ9KIXTqlJpRe7ACUXbTR9QBIjPicvfzURBE9IKEBvjZLMtRbiah95Gwdy3F3kZy1aCZnDSRsA/132',1533961548,1533961548),
	(141,'odSvU1H2ZjkQcrjU30LkT7V4VNnA','jin',1,'泸州','四川','中国','http://thirdwx.qlogo.cn/mmopen/vi_32/I77VwohHWx9JxK7jcbs76ZLhE8JE4VMDwKWY4gAlSrFuLKic4B2nD6aibsat4evianfHcxGymKTbGj3qCVCeRgZkA/132',1533961623,1533961623),
	(142,'odSvU1FDBWTD2dIvC6kAK1LSFUr8','刘农建',1,'泸州','四川','中国','http://thirdwx.qlogo.cn/mmopen/vi_32/P3bWcNxLx4X4O6uficsyY2Wa01cnGqYibjaAYOe7zs232mzkZiatf8JhpkpOiapHZcxNzYnQaOZbziaaeYEmWzibJs8A/132',1533961706,1533961706),
	(143,'odSvU1AVld--YLXVuu8iW8jtKN-A','   Mute。',2,'','','卢森堡','http://thirdwx.qlogo.cn/mmopen/vi_32/16m0q9mtEzYwkkqIZwqibMu4o2gJvlIzUSujMJ1D3icWInPZKYItiacpNmyJxia2Z2pTRrqj6YmicYabayaia7wVZH3w/132',1533962344,1533962344),
	(144,'odSvU1OboxCDJuWERB4AXMP7JhaU','',1,'泸州','四川','中国','http://thirdwx.qlogo.cn/mmopen/vi_32/Q0j4TwGTfTKwuibHZsknwtIQO1ibZHHBI3EiaKia6cfES5KbCTHAxbP6AuVojLYSaRJ5ibMLJpXVh3tb84ibncIRnYLA/132',1533963491,1533963491),
	(145,'odSvU1BCPkzhJD9Et79A8Z2YnJ3s','硪們丿卟寔棚友丶',1,'广州','广东','中国','http://thirdwx.qlogo.cn/mmopen/vi_32/Q0j4TwGTfTJUNibZseQNvEibib7ugoJOAnVAZr99h4SpXEyGNheQkTglyFoDQ9eOJ0kWmQpF4qJjxD1icMLib378wsA/132',1533964033,1533964033),
	(146,'odSvU1D9fFGMtE1YAyFJuwA7jDwM','བསོད་ནམས་དབང་མོ',2,'','','不丹','http://thirdwx.qlogo.cn/mmopen/vi_32/ia0mpziaxFRDAYIw0FPhGDyMsxicQtvExB2JxVEp7mzGOhVia2mPFRYSWcfwXRFTCe4iahgnaKjA2R3J3oZtXx8T2zg/132',1533964156,1533964156),
	(147,'odSvU1FyPgawelVhel920O7DaAV8','再别康桥',1,'成都','四川','中国','http://thirdwx.qlogo.cn/mmopen/vi_32/EicCLykQ5WAtrsA8rlpyBqf8CZYhmEYkGVdw2vzVDCLq2RVhshcItH6lRkG1jmUAJyBajzxAI0iclzcveFrlK4Wg/132',1533964176,1533964176),
	(148,'odSvU1NztJykoIh1qyWisiT_Cjpg','葱葱',2,'泸州','四川','中国','http://thirdwx.qlogo.cn/mmopen/vi_32/Q0j4TwGTfTJtKdpHTicXAZ9XpjasZicFhDBJAStaiaI6KRWAnJmq76zTaLicLB8ThkOgLM6MRMKNJLFM36fZ5Xue2Q/132',1533964180,1533964180),
	(149,'odSvU1BT4aY9TKYT-lZlqw8ajgzw','',2,'运城','山西','中国','http://thirdwx.qlogo.cn/mmopen/vi_32/WUr0ibraggNgENpx3eWmg1wZzLSsNLic7VWKPm15tDx1dtMOJbXcFl45Og4ByoGDibWstKWibJ4dWRNAUdDjiaBrhxg/132',1533964185,1533964185),
	(150,'odSvU1F-ccKJrdtMGxgzIut7YfAs','豪',1,'广州','广东','中国','http://thirdwx.qlogo.cn/mmopen/vi_32/Q0j4TwGTfTIEA2Zq3T5kIKDlYtHPs4yAadwxxmH551rkqeGl4u6ZH9FStLklJ8FRlcibjeg19Ria9pJuiaD8YspGg/132',1533964197,1533964197),
	(151,'odSvU1OJm8bD-Rh_KHltaXAG2nHY','L-EHlsh珊  ',2,'达州','四川','中国','http://thirdwx.qlogo.cn/mmopen/vi_32/Q0j4TwGTfTJLrPtCCKE8VZSt9A4aYR1PicJkXnSrSAedXnBgEp8QLddrmA9iasJ9MUqpjtjUgwaq6ibXRIFrELKrg/132',1533964202,1533964202),
	(152,'odSvU1D7PVULsYUeYpuM7IhKnhTU','陳嘉偉',1,'广州','广东','中国','http://thirdwx.qlogo.cn/mmopen/vi_32/NRFytA3xgesrH6QhkRuI7dxDZqSjCiclVEkjDEeucqHsiaKwYPmJuZqu24JAOSm7S2RwtvtwgMftV4XX3gic7v3lg/132',1533964239,1533964239),
	(153,'odSvU1GCLa_ZuIy2Y9MWkvhRL1C8','夏日荷花一夏胜彪',1,'台州','浙江','中国','http://thirdwx.qlogo.cn/mmopen/vi_32/Q0j4TwGTfTIfWFia7Fpy9TXDjLobtlyAn85NVlrmxwJVyvKWvfKf4P2MWQkkic7ttGXcqUaOp49YoRCf4vwO7EDw/132',1533964247,1533964247),
	(154,'odSvU1KYie-A9DbSuiJ3A5WP8540','come',2,'成都','四川','中国','http://thirdwx.qlogo.cn/mmopen/vi_32/2GPvibib6DoqTIr1ephmBZiaT2emcRsEicJfk3Qrwwq05hmduCONILO4KdgZQic4goGOkKDXSj5wPIxICmERM977vibg/132',1533964248,1533964248),
	(155,'odSvU1AEDGNggN0UG3C9D5N-E8_E','སེང་གེ་རྒྱལ',1,'阿坝','四川','中国','http://thirdwx.qlogo.cn/mmopen/vi_32/7ECMeFHUF6aPFFMuBrfp3BOUgkxSPdnOT1dqs9zVESjGBTrp438dTvEHGRHGfvzL8frxWn3OiafqRwVrI83Q82g/132',1533964261,1533964261),
	(156,'odSvU1FGOp386H7VhGzOOM0OXr28','流溜六 ',1,'宜春','江西','中国','http://thirdwx.qlogo.cn/mmopen/vi_32/Q0j4TwGTfTI0v7RicI0kSick598XTYk4t1BbAp4fxmTibiaURm0aDd6lY8icyYBFBG0jNiaSyxnrNCib0FJRWrrB39K4A/132',1533964284,1533964284),
	(157,'odSvU1ImiqhIFdCE5kMQONtCuiGA','老熊',1,'成都','四川','中国','http://thirdwx.qlogo.cn/mmopen/vi_32/T6vaFiaXFDVUBySuicam1m7djlf0RYnUp4CAXeKIEA3V7WRtHVfy0UeLNWUb5FPvTaHaDDzVIM0ib1mqvR1aPBWpg/132',1533964302,1533964302),
	(158,'odSvU1Oq5m_3KxGdxhaW4kYOVMLw','',2,'成都','四川','中国','http://thirdwx.qlogo.cn/mmopen/vi_32/mzYcHaB3YuODziberCwFibYJYy0w6n77atib0SwDEBN3ZP4at99WzUrk5JmmQiaKQoO2tia717icfia8lEERQgTwAHvfg/132',1533964317,1533964317),
	(159,'odSvU1N37402orI2C3xZR0HckFn8','Sweet sweet',0,'','','','http://thirdwx.qlogo.cn/mmopen/vi_32/DYAIOgq83erd1Q7Z5GVEjTFPiaL9LBFvJAehLkV96wo7gg9CTA9AoqGGiaIiaeNK8AHZs3eyic47SDDUlbn3TfVO8g/132',1533964341,1533964341),
	(160,'odSvU1D0tAQlhObCHn1DOhc505SE','猪猪侠的棒棒糖',2,'成都','四川','中国','http://thirdwx.qlogo.cn/mmopen/vi_32/DYAIOgq83eqU3BslicqibhrO9PQMRIHS7Y0xe0j7duCt3LVSeVZ1vLxJF9V9DKNgRd5EXIBUmrrJRsboJD3qXcLw/132',1533964345,1533964345),
	(161,'odSvU1FJJfCjUQV5RmmRhV08Tv8U','小仙女本女',2,'','巴厘','印度尼西亚','http://thirdwx.qlogo.cn/mmopen/vi_32/OZRIl4lMYiak2z5SazIOAhd4xF8sAr7noFgRvd0A3y8qG9ZPOx0kNTA3h3x2mMXZib90lRrJ15erAN5pZ0yF2oYQ/132',1533964348,1533964348),
	(162,'odSvU1FJmA3JJzACE_pmBSpw7SiQ','轮南。',2,'','魁北克','加拿大','http://thirdwx.qlogo.cn/mmopen/vi_32/DYAIOgq83epICCxpRpckUaiczh95a8IblhmQqT3O9yXXphwdgVdvqazVd3BXia482hFaicniavOCUKocDyhS8wAWcg/132',1533964415,1533964415),
	(163,'odSvU1PNuN8-Tfux1sxD8-5Tjkg0','',2,'乐山','四川','中国','http://thirdwx.qlogo.cn/mmopen/vi_32/X6goVqq7eXeEHQsoD9DXH53qlNubZGYswHvAuveN6nNYQ39lOF2vWgibD9fibQQrTdzl5dKZc4WJhGAMQyyFIwGA/132',1533964472,1533964472),
	(164,'odSvU1DN5Mbz8yRqx7nkQYdmIL20','阿啋娜果',2,'','','','http://thirdwx.qlogo.cn/mmopen/vi_32/CKYlJ82hpKcJaOQq6oez4kRrnSHRJLEFTfPlIArVqnsbNX2heEWSrpNKtTWVfHnVQNtquMOs0F1t7o605NZ12Q/132',1533964475,1533964475),
	(165,'odSvU1FvWYHYi0R3OPuWzz8KHXH4','Ty',1,'泸州','四川','中国','http://thirdwx.qlogo.cn/mmopen/vi_32/Q0j4TwGTfTIg8jibDUq1QVcMDuLBJckbwu2Bic3KVx1f0qAUV9aAJpWdDJicdicKcObJ9cYmGyHXIBIP9nugwBww5g/132',1533964487,1533964487),
	(166,'odSvU1KKKmp2Z6MeIRp7610DP00M','浠枫',0,'','','','http://thirdwx.qlogo.cn/mmopen/vi_32/okj3fuib1VKROyH8bkMp4qxGPGc6QTNtAkibENjTia6wx7brAPOQjKYEia84sBUuzj86MBnc290NPXiaJHnFX2icUqFg/132',1533964495,1533964495),
	(167,'odSvU1ITGYz5wHOHlfPkUqp-u02Y','Nirvana',1,'广元','四川','中国','http://thirdwx.qlogo.cn/mmopen/vi_32/bicg2zKYMbfNSubHkWpdIcy8vpxJMe0mYYuvPwB4zvNNCnHphHvqicSlicLSnwUlXkEAm7Bg14XSbPnqd5VpjamFw/132',1533964498,1533964498),
	(168,'odSvU1H2SIwB46-jwqYqg6Zqd5pc','一口吃成大胖子',1,'成都','四川','中国','http://thirdwx.qlogo.cn/mmopen/vi_32/pDsAkNhakP78MFXBj6OPpib80aQvL7DCxlicxjlY8ic5gjwfhVEibibpPiaGYfiaTmnqYz7rNeQ3U7FnF5NqTcmibiaicZhA/132',1533964507,1533964507),
	(169,'odSvU1Ha0Nai8u-Uc_7Uqcrt-ZmU','二把刀^_^',1,'圣安多尼堂区','澳门','中国','http://thirdwx.qlogo.cn/mmopen/vi_32/DYAIOgq83eppNfjYB5vmsWDqCLWhHF8Y9OQ483nphWicwf0v7BkibfNs15x64exYDIs2l9WSsxcquxmVzIaibeR8g/132',1533964511,1533964511),
	(170,'odSvU1Irf8t5R1OnC1aVBxF19um8','林淼',2,'宜春','江西','中国','http://thirdwx.qlogo.cn/mmopen/vi_32/nka7kP9261XCN6YiauY2UDVic6pKHJ2THKgmNBbBCsKwC68xibVqEBC9QDYNKnhyvNK9icg8pthlQL9kKovOzia3UBQ/132',1533964521,1533964521),
	(171,'odSvU1Pk5iN8lsGSowFAGbELMXOQ','阿程 ',0,'','','','http://thirdwx.qlogo.cn/mmopen/vi_32/6ia0wZrHXToJLibrsSzgbLCo5ibuapzfRSQGtHHn9JsuumTBdibYD9AsJGEAXow2GQYSjTnfEpktzOHv99yIeINkqg/132',1533964522,1533964522),
	(172,'odSvU1GX7_K-eWawNdnfqZJwxi_c','村上',1,'成都','四川','中国','http://thirdwx.qlogo.cn/mmopen/vi_32/DYAIOgq83epcgU16uicDU3KwudgHwfjHfJkPLOo617FLnjEoP7EFPWY4ZC5icicibzuZh0MJVTjKZNF1D97HkBW6Pg/132',1533964534,1533964534),
	(173,'odSvU1OV1cBtCJjM0ZIHyG9YBbPc','中岛美雪',2,'绵阳','四川','中国','http://thirdwx.qlogo.cn/mmopen/vi_32/Q0j4TwGTfTIAtibsicGaUUAKc3ZJaJSDRhTfF7ea6RVCia0ro3Oib7KSnsVSOhSWagYqzwZXMKrFEESJT9E5j57Slw/132',1533964550,1533964550),
	(174,'odSvU1CfLYKNjZ8S0aoT_eo1hMns','翟子杰',1,'保定','河北','中国','http://thirdwx.qlogo.cn/mmopen/vi_32/Q0j4TwGTfTKFeiaiaRibDT8iaGd65YBpDae9Ur48h7NZR9A6xDMuhKMP5M2tZiciaofEqSpPxDmZBKwK49TejOnZ8icuQ/132',1533964562,1533964562),
	(175,'odSvU1Nb1eFfUFjonrmorSzblVJQ','咸鱼',2,'萍乡','江西','中国','http://thirdwx.qlogo.cn/mmopen/vi_32/EtnjMAJFZcX6vzbxFibRNsUqdERM07dRgibHGEHHjAxHLIHKVOs6gNKhPcHHk7DGl9yXfI27mSL3M9E4CickGPHpQ/132',1533964599,1533964599),
	(176,'odSvU1MNXPYBnTm7rsj7phyFAP88','.',1,'成都','四川','中国','http://thirdwx.qlogo.cn/mmopen/vi_32/DrzicGLMak2ya7e0pCJiaGCXjTKOUw4gWaaX5cZ2u1UticqJfkOmrW9OmPfzzibsabV2ciaYvoZRjsh4n0mygrpgtTQ/132',1533964720,1533964720),
	(177,'odSvU1CrE3Q2W0LQnakT7dB7oUN0','唐老师很严格',1,'','维也纳','奥地利','http://thirdwx.qlogo.cn/mmopen/vi_32/xGze9AGsuwuRDgmSgfzcum0rQ0uo4VTExjCmTFsReB5fHXf6NxqQQrKHWanwgXOzheWr8gnibR7UGoAvYyrbgGw/132',1533964726,1533964726),
	(178,'odSvU1Cgu3tWiwHA918_QRzCvLMM','崔闭嘴',1,'成都','四川','中国','http://thirdwx.qlogo.cn/mmopen/vi_32/UkfwsqsTtia3cCdEPZj9WmYWyy1cm3kEGYTDRFFxPtn4EfLx2epAmng3WHln5WBuwuxXADuHicqeicFtS0dPJibgBg/132',1533964732,1533964732),
	(179,'odSvU1EA9ECO1M5DT1RfBAu52l8I','666',2,'成都','四川','中国','http://thirdwx.qlogo.cn/mmopen/vi_32/Q0j4TwGTfTLWzvT2Sz6NJNEKUNqeCoeMT4XgrI4RjN6Fqcp04OV59F0S8150aZhtUPV1hgicjphyAvFdggZdialw/132',1533964786,1533964786),
	(180,'odSvU1GKhev2fuZAq72fTH2YDwCA','',1,'太原','山西','中国','http://thirdwx.qlogo.cn/mmopen/vi_32/Q0j4TwGTfTIZibQrAI9UAMiczSjMRWtWs7x94u0gbibpBuGhtcNoKVnTuqXibvxUXctkpRYWtwozgZxxJLwMc9BSTA/132',1533964787,1533964787),
	(181,'odSvU1He1-tyTnPURcupQ4AaLv-Y','',2,'成都','四川','中国','http://thirdwx.qlogo.cn/mmopen/vi_32/Q0j4TwGTfTKDia3Q9BrylGjic4DW5ngcfHlm4aBH2BIaaSRiactDahNmJy5dc8YhEg3x54ThibSKDsm01btBcbKlzQ/132',1533964787,1533964787),
	(182,'odSvU1DaqGdphXA5fapjMmhZoNjc','小黑',1,'常德','湖南','中国','http://thirdwx.qlogo.cn/mmopen/vi_32/Q0j4TwGTfTLhIM2Kt86MKRckcaNickDgN9fkhibe85MGD4XQ0unv8hcxCJeH0UGZGnNicFxTfbnDmyfC9R2lOQF1g/132',1533964796,1533964796),
	(183,'odSvU1HAm_iZXJzCbIjm6YdGeBCQ','十二',1,'','','南极洲','http://thirdwx.qlogo.cn/mmopen/vi_32/Q0j4TwGTfTLhicDSmL4vicPOMv9S2L2EgRoWl6GiayFfIm5JDlT4dEexCV4e1OO3Hqya7ic7KGMZEH7l2os5aGQR6A/132',1533964829,1533964829),
	(184,'odSvU1ADb36LhgI_m1r8I0dDXDo0','画',1,'','','中国','http://thirdwx.qlogo.cn/mmopen/vi_32/4yC1W3kTE4oYcmV9KK7kpk1eYBicicXa8YPfWM0kMDhLoNEfk2CpibTBG7GcJFMHYdqoh14xoUMvjy1ZXNSP7OAAA/132',1533964833,1533964833),
	(185,'odSvU1NGg1vjuJN1jFZYEKnLocXM','Nlyy',2,'自贡','四川','中国','http://thirdwx.qlogo.cn/mmopen/vi_32/gLfEE5awugQAY9D1ibF1XzXibWhGiaN9zSKN1WLFibtS41aZNykvK6iczrLlC8oRr3ymfjMGwn6ibY6pSmUnK2YFtEiaw/132',1533964865,1533964865),
	(186,'odSvU1AcNa-vuIvDm4Y8DNZGZ0_M','流逝',2,'','罗马','意大利','http://thirdwx.qlogo.cn/mmopen/vi_32/ANpFSULFnhPCGOGVL9w4qJnic3rWNcxGyn25ia7gmf33N7bGBLLXPN5kFuKB5RqpPFG7Iv1EVX8TzUFnybacsqTA/132',1533964885,1533964885),
	(187,'odSvU1BtQe6I-YtloYgejWzcYPrw','',2,'悉尼','新南威尔士','澳大利亚','http://thirdwx.qlogo.cn/mmopen/vi_32/icZfORNNBZNsJf3HPbUBiczEIUTQzzeEKzztqr5KbhiacgVKGtmico0MJEF7XKicw3NyZiaYcXaDuoNE2Ijck2UnZo8g/132',1533964889,1533964889),
	(188,'odSvU1FpJmFebVKGOBDLpJ0hNlGI','心安',1,'泸州','四川','中国','http://thirdwx.qlogo.cn/mmopen/vi_32/6q07pcBYp0Xm1XJTnXia3IMWD6AO8AbIrRJiaFM59MCFydnibFfqaJom3cXddLRxybVotPOKzJcqDmdtia7b0eUrJQ/132',1533965026,1533965026),
	(189,'odSvU1HsjAeFXx8tM0LqoLwhd7Ow','-芯芯虫`',2,'成都','四川','中国','http://thirdwx.qlogo.cn/mmopen/vi_32/Q0j4TwGTfTIDdH0PZ6JkXJ8ayXCLoriaYIyUmjCwz2u8sJRgQzqTialiaTwHkzOicQFicNpzAPeZabG8g1cjpbhStUQ/132',1533965063,1533965063),
	(190,'odSvU1FjdNpx7CzdfnoePkJH2Ce4','同同爸',1,'泸州','四川','中国','http://thirdwx.qlogo.cn/mmopen/vi_32/sdQTIcjQJtSZI4eRKOKYfMyb3mSIibHIIJqPE2l474DutvoUFBLCGbBAlOa4vppibSWj2J2r2JLyehy1AYLmyNqQ/132',1533965075,1533965075),
	(191,'odSvU1HFb7fsjGESEGibaBcXIK1s','自难自渡',2,'成都','四川','中国','http://thirdwx.qlogo.cn/mmopen/vi_32/gl2NbuicUs1Oh6JCaskfS8YqWEgasUsfPPDwiaRhksHR620N1UXH4Pjh3RPNCBkEic1k2X5JBIpmWD6Xpy4icyloNQ/132',1533965108,1533965108),
	(192,'odSvU1HzibYRe2arysBth791bA-A','ZHENGJIENA',2,'长沙','湖南','中国','http://thirdwx.qlogo.cn/mmopen/vi_32/qflljTvv2jbss0xtnY8ngWltwZLibeWos8t2kRaUbhzpTSAfzT5z0J8x0PLy5NIQTAcDyqwdnHzu3eWqviaKibRfg/132',1533965127,1533965127),
	(193,'odSvU1BnFTSapi8sAq0xhHpPM0s4','张蛋蛋。',2,'宜宾','四川','中国','http://thirdwx.qlogo.cn/mmopen/vi_32/UWsDbwNvZ3NwfQBTgEOmWNZ59Gjw3nia4eicYia3OjXWrKLGu1jiaI9ewZgicr7vj3rwv3a4ibHD4zt2If0CXOctLZcw/132',1533965158,1533965158),
	(194,'odSvU1LebHfvDd2y9wyq0HaAGQdo','333',2,'成都','四川','中国','http://thirdwx.qlogo.cn/mmopen/vi_32/wQuUBRyehPKydpcbW6ia1VvQEehXib4ywMrpkStgTaSicCLasbUCmk8ptxAXKg9F6oA16gXR6clAH6463KMacF2HA/132',1533965180,1533965180),
	(195,'odSvU1Mx1rc6EsB7nio6Zm3-rD7Y','JJ了',0,'','','','http://thirdwx.qlogo.cn/mmopen/vi_32/DC2SibPmTL1hNFKWw4ialXGssFa9o9hhwowtjfE7cKiaecWFIff0OnIuR3M7RHvCzC4cjtuPtAicEmD36EUqsYJ3gg/132',1533965184,1533965184),
	(196,'odSvU1EilwRb5o-hgmN5NjKQnGVE','江娣',2,'','重庆','中国','http://thirdwx.qlogo.cn/mmopen/vi_32/AdsNHBicX6HvG4FnS76aP5xmX1Adhsmm9MzoHEHE4fjJPKic8ZicZK0vhvtCPUd01RNeNRhBxEwOsDlicmCwjTJ8iaQ/132',1533965189,1533965189),
	(197,'odSvU1KXNC8EeXMtX_xQ-O09dPvk','Huayra',1,'','','阿富汗','http://thirdwx.qlogo.cn/mmopen/vi_32/icia79hWjAjUNEUoXWYav68rzTiazYicvRS5cHc0Evkk0XErwlmoRLicu3sKlGFdkIzDpWicoNYHcD9fYXmsRlVgl2og/132',1533965193,1533965193),
	(198,'odSvU1O8bOTo3Ys96ihQ-V2kQPxQ','腾雪儿jsw',2,'成都','四川','中国','http://thirdwx.qlogo.cn/mmopen/vi_32/ucgFh6hHQP66htibZkRxzHbelHaRd98LSLQvnQicFyCY1dQVWrYew484siby8bIUw3IfSricvSYGbHSmwu5ceIOscg/132',1533965236,1533965236),
	(199,'odSvU1DSCbwH4o81L5f5wB3JE_YI','汉库克',2,'','','海地','http://thirdwx.qlogo.cn/mmopen/vi_32/Q0j4TwGTfTIrph8yYzg4qibLC3l8R0EFbHooaM0jf0HcLAdNltP9ukjBJs0u463kXsZMc6ZK8iaK1qbWs5uPoXcg/132',1533965243,1533965243),
	(200,'odSvU1Nc6m-mRn074jMMcjcji1CE','viaviavi',2,'成都','四川','中国','http://thirdwx.qlogo.cn/mmopen/vi_32/ia4mUhwrrGe742ZGZMCNg8cIyoVqdAlWSslibYXt7soiciclvhywwTmVe6ehIjTErxOPibypFDAojhdYkUMLYSYh0jw/132',1533965274,1533965274),
	(201,'odSvU1KiOvQkVIWscteSEg85hapo','Man-girl',2,'','布兰卡港','阿根廷','http://thirdwx.qlogo.cn/mmopen/vi_32/p8dMmhcxFDaZGogl6bkcmicnDC8P9G68Jvgv4Vo5iagckOVPo1OROrgYicSF6oYCeBd5PDfZmoNW9eyqBib1vheakQ/132',1533965276,1533965276),
	(202,'odSvU1BQ0UId99PspmAHWDFytlyA','阿丘啊13',2,'赣州','江西','中国','http://thirdwx.qlogo.cn/mmopen/vi_32/wSUjQ8ibXFOIRB1ezXmmicTFOFhBlTkdLWlYPc2QgmE5H6UZy6UDbk7xbp0FwJ04j0uyjyA8pVD8oxjicib3bH26sA/132',1533965277,1533965277),
	(203,'odSvU1GaJDcvlZhqQJbsypHaaUBQ','南方',2,'成都','四川','中国','http://thirdwx.qlogo.cn/mmopen/vi_32/M8ndvAX6uNRGfgib0NTuTFialeY0c8GgGCIr6hdRKIk9ibfnTNj3wAKVcKVOMaqClqZFy7GeWv7Yrniaic0wK3Nyyug/132',1533965298,1533965298),
	(204,'odSvU1AgzZ2Vi54hTjeNKAtsMl6E','the shy',1,'','玻利瓦尔','委内瑞拉','http://thirdwx.qlogo.cn/mmopen/vi_32/pp556y3OHtVfSmbEicibwetBbaEmWKKNVjDEibDeoCL9mzGMaTQWx3DoSHp7ibDCLfybA9nI9MaMsNiazGbUmE74AnA/132',1533965329,1533965329),
	(205,'odSvU1M1xR_DOtLfwpcDyxBX_T5U','',2,'','','文莱','http://thirdwx.qlogo.cn/mmopen/vi_32/ZYfxBcRicYW7c0JZibVuJficTKibZ30ia5H49RhiciaSic3OfjQxAkXJXnEEE3aVpnwiaqJZwmWFWgxT19Wr7lTwhLl4rFw/132',1533965376,1533965376),
	(206,'odSvU1KC7bA3J5pOgXWjcJoQYiL4','Gcha1g',1,'自贡','四川','中国','http://thirdwx.qlogo.cn/mmopen/vi_32/Zc76wPx59NWicghtV1QSCI2GXtDD0S5mAakhYLuYa6IUvfR2WGlpgJ9RY4hLiarfQF4FjtUMemXahRhN03gibmNGA/132',1533965489,1533965489),
	(207,'odSvU1EjcH1oECLR1rJD9zwpRa2o','沿途风景',2,'兰州市','甘肃','中国','http://thirdwx.qlogo.cn/mmopen/vi_32/0NyqL1N9DPGSuxWczgzHaQicOYkgLYWXibaGTL2TU8WUnFNGq4DS5TwKL4eoSP0Ymfce2Y5SqDBcguoqCP568ugg/132',1533965494,1533965494),
	(208,'odSvU1JtTjc88MPH-HxLPB8FurUo','圆碌碌',2,'广州','广东','中国','http://thirdwx.qlogo.cn/mmopen/vi_32/Q0j4TwGTfTL4BXbhXLt5o9126cmYTo84dvPZlNa4D8XedMdOCaIB4QUVb8VM8AfdVUHNeOOduhZqbKI03yauoQ/132',1533965523,1533965523),
	(209,'odSvU1MSHpccLzyAu7DMfWTBX3po','千之鹤',2,'唐山','河北','中国','http://thirdwx.qlogo.cn/mmopen/vi_32/LWjR26GczibhDxIWQSk2br1XuOkVcepia3AxCfdhGgUtTK2obggqribXURoeZibky9NlP3uVdsbIxYGRyOqDhvssOA/132',1533965529,1533965529),
	(210,'odSvU1FsbiAQMLFeaKRJER08ApG0','Jaxon Xiao',1,'成都','四川','中国','http://thirdwx.qlogo.cn/mmopen/vi_32/Q0j4TwGTfTIH306eia2icfZg1FkTnVtuuuGJbCMEap1sEOnE75eT4AicNgEJzfVHWIs3xGBicFX0tTcNZNxgscCCjQ/132',1533965534,1533965534),
	(211,'odSvU1CNpsvSqrFlkWyboZ8doOnY','',2,'成都','四川','中国','http://thirdwx.qlogo.cn/mmopen/vi_32/Z4PqtFOribibbCx8Tps0QBwW6VvyFtwiclB6KoSZeDYThDyajk4SeH6UaJjz0ztUV07icL9Ep70SrJY6R1d0E5QK4w/132',1533965547,1533965547),
	(212,'odSvU1EYHvOG-VJDWJb5b-wrhdeM','克林',1,'成都','四川','中国','http://thirdwx.qlogo.cn/mmopen/vi_32/Q0j4TwGTfTIsz7Y48NMFaADDRR2lVB2u3SMDY63iaeibwrhxgNYRBBp7wQQZvLp27tLdCGgaAQw9cvM3RdicSU01Q/132',1533965587,1533965587),
	(213,'odSvU1PRStozehf2Rm0Dtgjd0fK0','憨人',2,'','','冰岛','http://thirdwx.qlogo.cn/mmopen/vi_32/AAEh4H2LWTsYS6HWovgGj3ctpqV5Pl1y89mQD22ic2rMXibyMdPH3NHlRxUO9SzMaia0nHkJmPmVqZiabaOgcPVTjg/132',1533965626,1533965626),
	(214,'odSvU1CGMZrobJhPfpW7UPjjNtCo','Ryan',1,'成都','四川','中国','http://thirdwx.qlogo.cn/mmopen/vi_32/7ib6u4KyECCEiaXtbtCn70n0xgCPp8Rwubm372jiaeBBm9qARibOvI6yu94ZNBBYuO0DBLlo2AJGa6hQ923OA0E5RQ/132',1533965744,1533965744),
	(215,'odSvU1DZc524Zul38nNpFWfP8iLA','Jwn',2,'赣州','江西','中国','http://thirdwx.qlogo.cn/mmopen/vi_32/Q0j4TwGTfTJZKUx1kRo5ntJX5gLQiaCibAQ8keVDmNVElMLMRAgoIMiaibXpVlic2tXbDcemicr119OwsK3PmXKCZC9g/132',1533965870,1533965870),
	(216,'odSvU1AGONU7lRLVoESXTy-0xaqQ','',2,'成都','四川','中国','http://thirdwx.qlogo.cn/mmopen/vi_32/SsPEoZTVvcjiaj0nFeNZFZR59N2Xy5B93P4Ql1LU4ULOict7c4EwrmJ2lINKlFpb9R7Q08CZGUS2R5dqWY2MyKLA/132',1533965926,1533965926),
	(217,'odSvU1OkMaXOB1AqM61cQVlzNOqA','你炷哥',1,'成都','四川','中国','http://thirdwx.qlogo.cn/mmopen/vi_32/iaTB6vDMeSvp5Z4wuvodAdI8Yj4hMI60ia6bSCKgw2d7EBJfoxwUd0wxhBx6USl7vta5U2Ao7bU4GTpQDUWDvrqw/132',1533965997,1533965997),
	(218,'odSvU1JxXWpxPMmbMhm3VNrf0XzY','韩大姑娘',2,'成都','四川','中国','http://thirdwx.qlogo.cn/mmopen/vi_32/7gHWDI8TEn33v2ibHQgwrzHhoqFwQ4In90zC7qsibibWEKGSxagCAM4RiaDeE3Vkf7Tynj9cNTyqbx42U9rCO7Toyg/132',1533966023,1533966023),
	(219,'odSvU1I4VlHP0LUkVSMLKr7T0C1A','seven',2,'','','摩洛哥','http://thirdwx.qlogo.cn/mmopen/vi_32/DYAIOgq83er3gltia4Mto7sNCUibJSCvAFcpHZibQDicALicTNuewNic4T61iaFomuZSAs7icE6DC4GX3ia3RszZlnJSagQ/132',1533966097,1533966097),
	(220,'odSvU1ATzw7bCymG7K3jg8-dNX84','赵伊萌',2,'唐山','河北','中国','http://thirdwx.qlogo.cn/mmopen/vi_32/rBWxKCd5zkONaMGmCTk4icyYPcWCZhOTlkPdEBYIPFibHTA27eXwjkDpdzbTCibPlmV3DXsI4Huibwr30wAAaQvOicg/132',1533966109,1533966109),
	(221,'odSvU1FSxqfDs6dn-6thBa8B7_NQ','GGbong',1,'达州','四川','中国','http://thirdwx.qlogo.cn/mmopen/vi_32/dGGx1XP9f5NnBYs2fhUxbVL98xibvT0t52EzceicE1ZlF92HA2WrARyN4p8rMUzWib0Egib1C5icQtT24ibrotiasqozg/132',1533966193,1533966193),
	(222,'odSvU1DbQmwQ5I_AYh-RI0Emb980','杏仁',2,'成都','四川','中国','http://thirdwx.qlogo.cn/mmopen/vi_32/gMLtpsVMemYzl9aVyrgACXnYq7VnM7qeKeJvjIMWKR4icsfU6dib3fDcSccAriacILx3h81XjgOVazibg2esLPM5xw/132',1533966210,1533966210),
	(223,'odSvU1OMLizbvkFaZF2kG-fgVNos','哈哈哈',0,'','','','http://thirdwx.qlogo.cn/mmopen/vi_32/bAmSv5ypia0Y7GiaSRlx8j0A1dmS4arloDfpxwyd5DTa1wvnTuEF7xZYLTU3wouAdia2OZEQuZRIuedeMxNIPecQA/132',1533966283,1533966283),
	(224,'odSvU1OXoQvOdvOaIbUTnYmG4ERo','琪琪格ma',2,'','克莱尔','爱尔兰','http://thirdwx.qlogo.cn/mmopen/vi_32/C0gibpeJwLDB4J1ibRQvObk5XX48kkHbSRg2rj3KPE5w2icIyzP1K6MAdGSnVibNZGWZ6f2b7V4lZHUqTs2J1MxZHA/132',1533966338,1533966338),
	(225,'odSvU1LvlHApeQVg7cHI7RjgqG-8','Cantabile',2,'广安','四川','中国','http://thirdwx.qlogo.cn/mmopen/vi_32/33AAspqrCQxlUB5T1stKgW8o2qLgia7ZnXtAnKTrLC6TQBJ0Gt54RjRnW3EbWJ9KOlnSFPqkbtgwYomNYFMfcYg/132',1533966340,1533966340),
	(226,'odSvU1HRUf2Zn2Pio-r52InR9ejc','鹊桥仙',1,'成都','四川','中国','http://thirdwx.qlogo.cn/mmopen/vi_32/5icsJibet91SjjHlcpMWibKQtdhibCEdJtdXKWViah528GQqfgcGmqUUKuQsYetS3pMSHEV0rfSalbYu5M1OpxZcQsw/132',1533966379,1533966379),
	(227,'odSvU1NwEGkZqjihuKF-3TjmneYc','王薏茹',2,'成都','四川','中国','http://thirdwx.qlogo.cn/mmopen/vi_32/SGzNYWbXePEaaQe5EbHUueIt1uicvspMQ0UvBVM3oyAgEP1BMpqRLmpCia0cI1rNQhnOAFBEtNfpoRbc7bVRBRGg/132',1533966427,1533966427),
	(228,'odSvU1EzHcPzr-pgw4wSLDnqbaww','胡光荣',0,'','','','http://thirdwx.qlogo.cn/mmopen/vi_32/uXa0GrFk7OM70PkWysIwJWngdMOvsQnmc2xhfnD5DsQ6I4At3nMLX5N0buM09yicx8CNrYQG310lfErc0ghQibxg/132',1533966449,1533966449),
	(229,'odSvU1Hr2n_pCKxUFxXA0BkxKfOs','请秒回谢谢',2,'成都','四川','中国','http://thirdwx.qlogo.cn/mmopen/vi_32/Q0j4TwGTfTLAwpKtfRxsWEgR3NiacCu5nHrXL6EFFHtJop7rp8oaj7HzsUomK0iaGF7j3FoviabMG0NtIUlxhAWDw/132',1533966611,1533966611),
	(230,'odSvU1Dd6hxaB0ofrnaaoryfHG-c','二丁目',2,'遂宁','四川','中国','http://thirdwx.qlogo.cn/mmopen/vi_32/TD1EjukhSIqTBoucVF2lTRl3WW3pz9JwicICQZibn58rPwibicQ8fdc6fht6x1I5TvsjrewDDjibpZbrgB8ePT84naw/132',1533966619,1533966619),
	(231,'odSvU1GhL3KE5PLoOFUN8ny5974c','池鱼',2,'兰州市','甘肃','中国','http://thirdwx.qlogo.cn/mmopen/vi_32/DYAIOgq83eowjunkLicCxLibpsMwawE52kg8C7kMzEqBgwvjJauCoibFS0CuOTJ4QicyrxGUBHO3icYS3SOtfE5Rnrg/132',1533966721,1533966721),
	(232,'odSvU1FAWx7qOxEKGD3Budc5ddKo','小野丽莎',2,'','','','http://thirdwx.qlogo.cn/mmopen/vi_32/Q0j4TwGTfTLouQYlvh96dfKPbpbicN4aicQiaY6Qenel4UgJ0WP676UADBTLuliav7N3YBO1GRbxCMEhiaTdF9g9IDA/132',1533966750,1533966750),
	(233,'odSvU1JS-aJumwHq8Edwzu6-M26U','enchanted',2,'','','希腊','http://thirdwx.qlogo.cn/mmopen/vi_32/ba9OlIzaefNIJhgibbjJrrjXmTyWq5r123JsBLFOpoHAzcLsvLX6bNt7VrbeiaWYKHQMD5EhUlLoLAemMzKQnXUQ/132',1533966856,1533966856),
	(234,'odSvU1DQBayOpQy7aMr_gr1ZAxFU','18',2,'','','RS','http://thirdwx.qlogo.cn/mmopen/vi_32/7dYZGFppYoyChbcWFy0KFtPqvHbHzS7gFaVCwgWX45eNjia8BlUIGPsZ9ulg06M6J00uLzlDBTDV3915l9j0LFw/132',1533966943,1533966943),
	(235,'odSvU1IhyGyBuPZaISnk7ZsoHQEk','川',1,'成都','四川','中国','http://thirdwx.qlogo.cn/mmopen/vi_32/KnZce8Od0Cicnmnms6NgpBS8EpqwObMic01nNbWQjvlnG65LGxb0X4paPVNmZ7wRVlRrrcVA4nU6GYB0op6rr74A/132',1533966952,1533966952),
	(236,'odSvU1J4YFQQtKIkDv1E-uTcPoYM','鹿十八吖',1,'','四川','中国','http://thirdwx.qlogo.cn/mmopen/vi_32/DYAIOgq83eqzX3IicttnFj3vX1Uc1aGQr4TjqZUUkuibGDWkaEstuvDnPE8LpjaBEmXdR2t6wZQ8VE4e2VpU3fVQ/132',1533967274,1533967274),
	(237,'odSvU1KFKb1tFFCZ8GNJy86gpd-M','郑',0,'','','','http://thirdwx.qlogo.cn/mmopen/vi_32/Q0j4TwGTfTJxruabicOupGHYGQb1MCZcl8KPDKgLGGYKeL6OM3rEOibJr5vtHVbAO9Wf3WsoGZxNhgTub8bBkkPQ/132',1533967317,1533967317),
	(238,'odSvU1Gi-soN6newaIRTItfFAEJw','萧定',0,'','','','http://thirdwx.qlogo.cn/mmopen/vi_32/1iaB0D6ZEwxAMsibpAo2ktp2UQibVHwGAp4k39a1Ev4ibI6iafObFpicu1ibHibs7AszYPVqKXGShmKW15G26NyWguMgLw/132',1533967457,1533967457),
	(239,'odSvU1HsW094B_g6KAJBx9qibDIs','',1,'晋城','山西','中国','http://thirdwx.qlogo.cn/mmopen/vi_32/Q0j4TwGTfTJm7EkZIicLwTia4dZ2pOiaX9HjXYjzGH0FnVDiayFYhzgcWR5waLVFTkA3iadIpmX9p7zD3icdsRdXlBXg/132',1533967546,1533967546),
	(240,'odSvU1IFBkQjJijdRd1cNaxozMhM','永不沉静!',1,'遂宁','四川','中国','http://thirdwx.qlogo.cn/mmopen/vi_32/UIG6ibh0IfaCyYbcLKBVjIk8ibia9QyIrVM6FHnCrBFFxlnxDUMaXibuyopSeqEmcNLAKDgXnXg3ia8Yk9oS0O4FYUg/132',1533967926,1533967926),
	(241,'odSvU1HaOyJenEcRutR2dsea5QNc','.',2,'宜宾','四川','中国','http://thirdwx.qlogo.cn/mmopen/vi_32/ECWOhkaPEe0jnuFpiaGdCRSkK94GEJv5rW2zqCudMicDjrzVjkx9YbVj0KukpXxWKvO46qlpgCVt5Y0wGNyAhwcw/132',1533967986,1533967986),
	(242,'odSvU1DkeomqHKoslouMSH6kQXes','小十八！',2,'','','阿尔巴尼亚','http://thirdwx.qlogo.cn/mmopen/vi_32/Q0j4TwGTfTLkb1NqZ7EITmKlQ2KE9UBAnVmacYibNayOkxvibS8PhH1KwGoUic2NBB5aFScfjqNU1hcXyeaemticpQ/132',1533968101,1533968101),
	(243,'odSvU1EMnElMeHtmBoPWXeA4DzdY','Victoria',2,'阿坝','四川','中国','http://thirdwx.qlogo.cn/mmopen/vi_32/YBWr6vCc8vTtkZDgoDq71vd4hduFfqtMHTotDhCzcibuh2CbogfawibzKyATYia7e2442SESXyMUZRlGSh6RCic2lg/132',1533968108,1533968108),
	(244,'odSvU1FLrdrNI_VN-HLca-nvLbGs','幸福污糟猫',1,'广州','广东','中国','http://thirdwx.qlogo.cn/mmopen/vi_32/XqlDI7Rt2cu4kLjiaOd5JKeEoEGAiaFL9Env0ibdBjQ0wHV7b3dU2S2RPwibiabGZATJf9sZHfG2zlpXTqH2iccVxkibQ/132',1533968119,1533968119),
	(245,'odSvU1ExRTtErnTFyf61dSlv-t3Q','玥',0,'','','','http://thirdwx.qlogo.cn/mmopen/vi_32/Q0j4TwGTfTJD9Lx934berFXDdT91yqNdXSH6UwV8oZV9vKwicVd1YSyEPsbfao0aX3wXPALseAYdia2KHt9na0jQ/132',1533968173,1533968173),
	(246,'odSvU1G5GlF7GWxfn60IFEva3cmU','major',0,'','','','http://thirdwx.qlogo.cn/mmopen/vi_32/BtRVDBicKzhaQeQh7t35ETNCIN4sYGpxXbJVsyx5uprWNs38h9PhaKbHygUsqyzPngsGrcz8cLm3zsxMXSYSEYg/132',1533968322,1533968322),
	(247,'odSvU1GZ5H-rGDsCWjPDVxrtel8Y','629',2,'成都','四川','中国','http://thirdwx.qlogo.cn/mmopen/vi_32/DYAIOgq83eoJ7px4seGZ310bEYZuVA5twIib8LDeibRywdFIuic8Z2Flp7UHicvlXRtULlY147zx1G5atXyDNT1GXQ/132',1533968325,1533968325),
	(248,'odSvU1I3i6SzeoZoYTqWOvzERQFM','谁伴我闯荡',1,'泸州','四川','中国','http://thirdwx.qlogo.cn/mmopen/vi_32/icAUbUcCD44lyVP3cadB2yvrUWMqic8KT4SBzGxrgCNFAJNTsMkVUQzeiadoTDeHBOy1YlIuYZzecFiaYbcZ3Vv90Q/132',1533968348,1533968348),
	(249,'odSvU1KBQ2TiHLMxG0zdHS2anRYA','伶',2,'广安','四川','中国','http://thirdwx.qlogo.cn/mmopen/vi_32/tOABRRNFOngmsYGS3VYuaMbEaibXLV9eyqY6Te1NwdrsyLZsmcLWiafwGuNblxKqJAAyGrFNBa3oXicQTGNaKC5JQ/132',1533968460,1533968460),
	(250,'odSvU1G48Rn-BJMyQg2QGTLzgXJQ','塔',2,'','','阿尔巴尼亚','http://thirdwx.qlogo.cn/mmopen/vi_32/5DLfKbm02KwbakauGxSCRdx8ibswlmwybs5Z6KVy8asC9EJuQEFjZGdN3KpULuXUSNg0y68meibsRBIJdxBjAw3g/132',1533968529,1533968529),
	(251,'odSvU1AkSkhab4s_aazNTFD3am3s','L',1,'拉萨','西藏','中国','http://thirdwx.qlogo.cn/mmopen/vi_32/RNJfsfhsEic2Up6odFGwbV3MOo9jicpwL2VSpw81UicQ3Dra8PBey86MIRtzfVKiaFIAjsgS3XMpuGF1fLbW5s7ddw/132',1533968716,1533968716),
	(252,'odSvU1K9jdT4P6316XPCSSUYn0bI','Duang！',2,'','','安道尔','http://thirdwx.qlogo.cn/mmopen/vi_32/Q0j4TwGTfTI2fKnvjE9qL5ps6LYOL2kiaU7o4KGtibxo5oulEn9LBiap5icwBt6WHosSO3LTOJOmYBbCkACwhzo7Iw/132',1533968827,1533968827),
	(253,'odSvU1F1O_wQNMOxpFaNmOPgljJc','吗啡不痛',1,'成都','四川','中国','http://thirdwx.qlogo.cn/mmopen/vi_32/1VLWDibHEJOkMRnQSLicqMiatf0gqvibQic00tud4tSvF5eEehOBwywiblgqRhCiaiaIeSBbcWEcWBfTXRkdU2DuygP4iaA/132',1533968997,1533968997),
	(254,'odSvU1P2VLRTM7_tYtH3qE8XkVTQ','A',0,'','','','http://thirdwx.qlogo.cn/mmopen/vi_32/XGKxls3v8iamZmcjEegdQsMW0DviaFg6ny5NfvojRVsGBoqEbcW0bEfmXJFbRlg4bNIOiaStLzulOTKPYlLl3EsgA/132',1533969043,1533969043),
	(255,'odSvU1DKNl1zaf_3BGkWMC1rXdTE','罗蔺',1,'成都','四川','中国','http://thirdwx.qlogo.cn/mmopen/vi_32/Q0j4TwGTfTI0mVIO7OT1HZRsqsEPXmRr1icDCxrknCYfLibUoIn9T7cicG9ibiaa2Cw92GHOThOWaJu6L6ias1Zeb0Rg/132',1533969049,1533969049),
	(256,'odSvU1PlUHVZkEaj-Vcf7FrgoKRU','惘',1,'成都','四川','中国','http://thirdwx.qlogo.cn/mmopen/vi_32/Q0j4TwGTfTLp3YCDNQ2wgcVlrVo27EEwmeiaNXQB2iasRczIyaBpuQ8gWbrSHyiccjQN7vt4qhbz4X6BoXpNwWVQA/132',1533969110,1533969110),
	(257,'odSvU1IQjS-gCODT_HU88Fmip4nM','丶梦豪君',1,'雅安','四川','中国','http://thirdwx.qlogo.cn/mmopen/vi_32/iaYnqRev5Kgics9ZszcajRjemoicvllmfRDdlZ4c2KnhlnJjk8ya9O33G3USGBPHCL2eAA8RwzVOF5ib1VpDIMnwvg/132',1533969149,1533969149),
	(258,'odSvU1HNdk_m8xSMxwor4tvHkEic',' ',2,'达州','四川','中国','http://thirdwx.qlogo.cn/mmopen/vi_32/DYAIOgq83ermktmCKlMcn2zm577ZJ7Z4ogdv5iayW66ic4uOweXQgWBkwRXPtMBW9KQLvOA8JMLf1AqyxE13QASQ/132',1533969189,1533969189),
	(259,'odSvU1HT9iKYOrdas9coGAjGEOeI','Bobo',2,'成都','四川','中国','http://thirdwx.qlogo.cn/mmopen/vi_32/DYAIOgq83epZnG62cq5Ixgpn6ex2qmwRMPGsTmAJiatCXiaz7zr6ddzaMpJmz8n9bKPASjFmdhAzHOuic0peJxXiag/132',1533969203,1533969203),
	(260,'odSvU1ATiq1nzzFyeuD6zu6KAVD0','温暖Sunny',0,'','','','http://thirdwx.qlogo.cn/mmopen/vi_32/Q0j4TwGTfTIzPR12npAHArquHw9FADIMdcL5CqGoB1k08Y2NuLkX6vPX3q5TIzWT1iaMn7UefqyTkibPibiauWwtLw/132',1533969228,1533969228),
	(261,'odSvU1JEMYwd32-vyeb7Z6B5O-FU','WK',2,'成都','四川','中国','http://thirdwx.qlogo.cn/mmopen/vi_32/DYAIOgq83epu7p4vxbXA4dmibozCmAwf87IzxB48iaQuBsicVlibPuxl5fqfRq1JpRfByrTwWwsvao0KVsReA2Nkgw/132',1533969248,1533969248),
	(262,'odSvU1BULKvu0sDAOYpNQPZOCYEM','记得。',1,'','基尔代尔','爱尔兰','http://thirdwx.qlogo.cn/mmopen/vi_32/Q0j4TwGTfTL9w62WZAuXhTxxEPN4LNKwVsvoUW0yxsZRSrToW4KoaMoMLEw3uicicNqXbgSKPcxb5FmicrroI6vEQ/132',1533969475,1533969475),
	(263,'odSvU1DIDdRxRLb1rtjDjfxNo7qM','陈俊杉',1,'','','克罗地亚','http://thirdwx.qlogo.cn/mmopen/vi_32/DYAIOgq83ep4Tto8hNtCaFgnpkAE6gPIciciaeJ0SiaXmo6UsiaoKJcL3ibibnpg0vF1Nia3icJKFHAlWeetufsibVicS1IQ/132',1533969476,1533969476),
	(264,'odSvU1JLx1ZGmHwN1P87YTBfYLG0','一个土豆',1,'成都','四川','中国','http://thirdwx.qlogo.cn/mmopen/vi_32/swfssd4AgxaYrjKvpTyal3Q58Vu2EkWibp5zKqAhribPsMplR7KOpYcawbQKiahfIiaQz7vwRUD5RYnibBmZ2uXpTVA/132',1533969480,1533969480),
	(265,'odSvU1Pr2P0yWsgtBufKQz9vq4_Y','爽爷',1,'泸州','四川','中国','http://thirdwx.qlogo.cn/mmopen/vi_32/ajNVdqHZLLBrvG3L4w2QRXYBRu3iauDOxvW57ic1Vrnk7GgEHZmlMq5s8R6yReygyHGmsBXtHs1doia2TohlMe5Ow/132',1533969564,1533969564),
	(266,'odSvU1F4qAO3uew2t5yUTJfCNvZs','爱歌唱的小螃蟹',1,'成都','四川','中国','http://thirdwx.qlogo.cn/mmopen/vi_32/DYAIOgq83eowy4ibe7kT3CbySNAs0GAShjSnkJqiagGdrsplgbgz6CKSHhY4qKyoLq7bLaRicMcuJZvjWJoibb33Ng/132',1533969576,1533969576),
	(267,'odSvU1POzobdMHWlxzxmrie3sZ4A','Vincent Lawrence',1,'成都','四川','中国','http://thirdwx.qlogo.cn/mmopen/vi_32/qEbHIAvg4F7Q6cKXRLloPtAP2lS9jojkibTkLf0gxhibVMATgkYHNnEdaVFWh6x1ZTwPQ5MAI0EG7T8BcWKa2tAg/132',1533969751,1533969751),
	(268,'odSvU1P0qnmW0rj9P7vaQBtRPK9I',',,,,',1,'成都','四川','中国','http://thirdwx.qlogo.cn/mmopen/vi_32/DYAIOgq83eqvoQcNxdTibqqeEWkTDQoybgupwRO8R7kO0MD6Rgx09QxZlgFibBTwe9WXLTq8KnP1Y7ZU2wN2ISWg/132',1533969817,1533969817),
	(269,'odSvU1GRCuM9_NJ5k4MNMD27Ky6Q','ASHLEY·西西',2,'','苏黎世','瑞士','http://thirdwx.qlogo.cn/mmopen/vi_32/DYAIOgq83eqtybjb9e4RWdBYFiarNZmPclpAvXcxP6JS0xJhpXF043ibjFV5rB1dxLU7Bxpbh3pvTUoOO1Q9uQCQ/132',1533969850,1533969850),
	(270,'odSvU1IL2x15I4JeDgCBSs2CH4pg','詩涵',2,'成都','四川','中国','http://thirdwx.qlogo.cn/mmopen/vi_32/DniaU50qcJnwHXqoibvyVEbGyOwRbTU2nQ7KkEFD7IMm4e5eWzTFt1RRvmHseeNLM7Lc0j7eeIP0Yp3CIeyJA8iag/132',1533969860,1533969860),
	(271,'odSvU1BAp8bfqdaZzo3LjSp8ZCcg','青春',1,'成都','四川','中国','http://thirdwx.qlogo.cn/mmopen/vi_32/Q0j4TwGTfTII1GCiaIScuzptiawCQq2nxI17mZAHOVSibG2cQiaQ1dmWvniaeyQPhxic9iah7pG2Q4ZFqniaNZt8aXxrRw/132',1533969873,1533969873),
	(272,'odSvU1KvHa0rnQet64oKSsKZHnsQ','.....',1,'成都','四川','中国','http://thirdwx.qlogo.cn/mmopen/vi_32/DYAIOgq83eos277dJSaXVYy4CFkbdRrTbG3nCic96zRvbyiaiaPY3JiawEvFcAiaPicv5hYeAicCdr5BOdOqvrIeXC3Ag/132',1533969956,1533969956),
	(273,'odSvU1OmhW_2jsKfsQTqGNDSWlFE','coisni',2,'成都','四川','中国','http://thirdwx.qlogo.cn/mmopen/vi_32/f7819FOExbGpTP0pA7CiagicJbicOul0mCJmIE53wMn1EGhQBj66uxQ9CrFnVOlOuhHMA15ibgV7dnfpjwKUn0gRFQ/132',1533970080,1533970080),
	(274,'odSvU1N5h4pazaTdncqiBTNf0zjo','Resign',2,'深圳','广东','中国','http://thirdwx.qlogo.cn/mmopen/vi_32/jWMAI6YiaqZyuQ6EiceltdF7fzJq5X0rpcn5vpLZepEqqm2vQQjCb3gTsZHMhqX3u8hQT3YpicdWTFlnnldl6YznA/132',1533970818,1533970818),
	(275,'odSvU1KxBCWhzQvX94aVdG26kWfw','坚辛',0,'','','','http://thirdwx.qlogo.cn/mmopen/vi_32/MWxgLoYcJsDvDpnkGv9hhAN2ickVDkR5w27HcPzvAeaJ4QBgFuIVXxMaslN9hHL1tjdVMP7xuIFESKrzNB0R2Og/132',1533970924,1533970924),
	(276,'odSvU1AUNjXQ8O7vKvxJG4SUGSgw','^_^',2,'安城市','济州岛','韩国','http://thirdwx.qlogo.cn/mmopen/vi_32/ibnug65IL6icsy0icFk1aMsZw0RuIxbonzO5QqzqQic7zvMWUH4gqQHxVTO5sb4G52ThnPraeIA4qvJmDF0mfP5vhg/132',1533971128,1533971128),
	(277,'odSvU1JAiMa1A241m3HApu2IOO5o','疯',1,'成都','四川','中国','http://thirdwx.qlogo.cn/mmopen/vi_32/XggMQ2icyMEqMANj5RDM55UUmib84gtJWklfUhOFLn9tq1uC18yOAwxDBBlibiacH7bVx3icviaiaWL7HcjSUXjcfSs6A/132',1533971159,1533971159),
	(278,'odSvU1JHkZZnGiRZw3C-hYV5LdVA','～～',1,'','','所罗门群岛','http://thirdwx.qlogo.cn/mmopen/vi_32/PAA40tuAbMmzaNOo1LvSF5qI1iclJoJDRgxInuPLRIowkwKzv6IXCnaucYZ2a9NqGQTqyuib9Bvc4FVuRtJI1lgg/132',1533971417,1533971417),
	(279,'odSvU1CcFv2E_ZHobIWOH2aVLpPU','Breath',2,'泸州','四川','中国','http://thirdwx.qlogo.cn/mmopen/vi_32/DYAIOgq83eoKiakrQOl3GaGunhGftLlUOEnHnl3Wgahrux7Kqw3keRYNanh5VaZDu5R8Rk7r2Y7nln6lNoLELRQ/132',1533971649,1533971649),
	(280,'odSvU1MlP02mRuPJiuEpDYea0uPE','牵挂一生',1,'泸州','四川','中国','http://thirdwx.qlogo.cn/mmopen/vi_32/LFVTr9AOwjVHJXKxL0YA6Knacib5p5P0ygOpTYvMEtwlC7vDbfLhDTEUn0xWncfvCp2f36JoEmmLToKsIZicNJicA/132',1533971930,1533971930),
	(281,'odSvU1Az_cyFDer1l4R2-c-IUSPE','',2,'宜宾','四川','中国','http://thirdwx.qlogo.cn/mmopen/vi_32/mGicwRoSxAPN2fIk9CFsnzCldgfne3QXRAPKS7bhxbEGF803BKnIteTmjlVJWlCiarvSjvibaXoyzypAfK4rkbLqQ/132',1533972575,1533972575),
	(282,'odSvU1LZdo7xT1WnLtl1HuTR1zvk','Gl',1,'成都','四川','中国','http://thirdwx.qlogo.cn/mmopen/vi_32/V2ia2wtGMQat4oXRSYew6vHcibUEgKtLN8sEE4VDIoErrOK7cSV8oIycARWN0PVFvRF1Dm827iaAYe9Czt3Xs3UHA/132',1533972754,1533972754),
	(283,'odSvU1OLBhfzIa9UrZjdxaNg2XQ4','单身贵族',0,'','','','',1533973516,1533973516),
	(284,'odSvU1DDtwlwYeJDkbJSUgNq5Aic','星尘',2,'凉山','四川','中国','http://thirdwx.qlogo.cn/mmopen/vi_32/baUBtEaaeWVJtzQAzaiakZ9ITZIIbnZOGqyU04h8lDgOcjibpcdKEevTpDDTSuhaR0rDrxOrnU5piae3FV09saYgw/132',1533973589,1533973589),
	(285,'odSvU1BN0MzbaxI6mpLWuo4Mtwxc','',2,'宜宾','四川','中国','http://thirdwx.qlogo.cn/mmopen/vi_32/GIib592pfA3VKa7ic5Mm81EGfEnIojmjz7WMYTz8d8wXYqcdEuH3ZT48MyShCedYyfEIjwas5AzvWksO5mPYZX7g/132',1533973647,1533973647),
	(286,'odSvU1EnkU7bD5ehVMyU8JpBhXpM','李丹',2,'泸州','四川','中国','http://thirdwx.qlogo.cn/mmopen/vi_32/Q0j4TwGTfTJz6n1W3TFqyYBMZloZN3I4VYzgkrXtZkSNoPKuk2Xz3qMvglFbK59sLwQe5YvqWic1ALaqianT6Ikw/132',1533973862,1533973862),
	(287,'odSvU1OiY3386wr6wjAXIEuagTeM','晨曦',1,'成都','四川','中国','http://thirdwx.qlogo.cn/mmopen/vi_32/DYAIOgq83eoBtctib8tQFv0MxQs79Q0bbibUSOu8Dz6FMn7YPwYIribm2R0ibsiaQcA6N4ibf4UCU2XicpEQqcWho9ZxA/132',1533973944,1533973944),
	(288,'odSvU1E0oX7Icnh_5Fdflzogb6ik','草莓味的小仙女儿 ',2,'泸州','四川','中国','http://thirdwx.qlogo.cn/mmopen/vi_32/Q0j4TwGTfTJolcUMtDRib9wbLib0G4SoP3yeibVeN1fck23xfNvu1gNNxjjPnQ9hvZunicDd8C7UAoAmz1ccN9sicuA/132',1533974380,1533974380),
	(289,'odSvU1Fz2oBqeTxjHEBgydjQAa8Q','没走过的足迹',1,'','','卢森堡','http://thirdwx.qlogo.cn/mmopen/vi_32/Q0j4TwGTfTKgp0ic8xQbsl8tMN2iawD1bibFXPHHvYRlnR1Jaf8rRkS5CqeBNOLPlpoDJPFQ7PMZnGIYlSlqJCYzg/132',1533974679,1533974679),
	(290,'odSvU1P5IVRjm8is2xdOfDEfiVts','林兵',1,'广安','四川','中国','http://thirdwx.qlogo.cn/mmopen/vi_32/aWPfgTepPH6GK9jafSl7ibPZca9I9lBI2QHggib3brZthxiaDkjr74NbpRfcfPs4Y4VqjLh5Gibhg2bZemSNbibjv9g/132',1533974882,1533974882),
	(291,'odSvU1LAgoX2qbFG3XeJP7q4c-gI','97 ',1,'沙坪坝','重庆','中国','http://thirdwx.qlogo.cn/mmopen/vi_32/Q0j4TwGTfTLba7AB7VZDbApyA5al9aAVReg0YD05IfvTxlTzv6779ZtRhQx7YJ6AkvGgCYYBmBIz499SnWsegg/132',1533975152,1533975152),
	(292,'odSvU1H4tKwS1eukMUEu4EfvPpfI','文',2,'','','','http://thirdwx.qlogo.cn/mmopen/vi_32/3ukliaKX4EBOiaib6KgmAluYqib28f2aJTwDB70mrVQQHTMJsRiaO6q7ibJ88Ws7SGj22TEQibRa4S6HIz4XibrB3EG4aw/132',1533975168,1533975168),
	(293,'odSvU1OVnYMG0LMDg84YeZyAecbI','阿曼',2,'','','阿曼','http://thirdwx.qlogo.cn/mmopen/vi_32/G9ebNdqt8ibSibsC0dib6Xjic8c9a1rQiapesCYlOnClAHcAAescMG3ZZv6hicY9IcfiasRGEaELSA1818vCFB2c6rdBQ/132',1533975296,1533975296),
	(294,'odSvU1G1_QUw1ZMbX-k_zdId8xxU',' طشواسطحاد',1,'','迪拜','阿拉伯联合酋长国','http://thirdwx.qlogo.cn/mmopen/vi_32/GCU0toTs7bEicXJLQWh0BNd5e9pXjTCbZaxzAyxpqyo12iaVzL7aeiabPTUEBzoMramPXQLbJIu6Dpm1GzgSicaQuw/132',1533975358,1533975358),
	(295,'odSvU1CdyyLjtoKEW-rsYE4RzXSU','Singal',1,'','慕尼黑','德国','http://thirdwx.qlogo.cn/mmopen/vi_32/LTgpoVe0MicPudANkA1QvupeloTRE4VViaS3Uw45R0gL4E0jA4y0s5mFuXxDOvDwX45ObWBuLt0NT8xw4nGY0Icw/132',1533976005,1533976005),
	(296,'odSvU1Ir7Wq0sRmMDtNtQj3z_W2o','六只兔子12',0,'西安','陕西','中国','http://thirdwx.qlogo.cn/mmopen/vi_32/3ibZaDcmVmoxJ1mqf6p6gDmiaMPSxNQYXpYp9dqNjfnG7E6nibvLBLvNR9FTHUiaVF1Tibx7lP6iaKlCic6QOwfiaaGtLw/132',1533976035,1533976035),
	(297,'odSvU1FMVjtPP-2rsTVbq7o3tIus','马大哈',2,'凉山','四川','中国','http://thirdwx.qlogo.cn/mmopen/vi_32/Z371Wm8BqWXL4C2XEps25WicGtj0zNGMd7yXKYunuHjibCHtdAHsX3ibfg13MVa8SPE3yurBTic46KHNErrZ0icsZGQ/132',1533976174,1533976174),
	(298,'odSvU1Gz49RWmzl4i9HJrXakY3oQ','潇',2,'浦东新区','上海','中国','http://thirdwx.qlogo.cn/mmopen/vi_32/95UqqxiaU5Je2Z5Iic8RTy5ibwZlFBFgPA9xiamibCUWle5rFJ0otdLwvVuIS2ep7fdMwKCMdCv9k30lcZLHNXM1PHw/132',1533976242,1533976242),
	(299,'odSvU1IhA1pf4s0TT3_RiFs-Ygqs','琪姐姐胖了～',2,'朝阳','北京','中国','http://thirdwx.qlogo.cn/mmopen/vi_32/eYwlyTc1mCJpkiarL3ibiciaTLTZvt50gmU5yXhTNibvjqL7qAJHGJcdVUAQp284567xwz81kVzz5ErHgaVzcu6Rjag/132',1533976491,1533976491),
	(300,'odSvU1PRH0-Xgk_cHGA_22zMmt3o','一佳。',2,'','','泽西岛','http://thirdwx.qlogo.cn/mmopen/vi_32/8K1EeQhsvCps3ibNe93nfc8WSON5N7CLFqShQGuvNBzw0SWsLUMK2BXMdV9aJWTMVXwJ2jCGHBZdd4u9E1mGLCw/132',1533976591,1533976591),
	(301,'odSvU1HE5OssON7U-VxP1R-xEJ5w','！【玲】！',2,'','','','http://thirdwx.qlogo.cn/mmopen/vi_32/WjvlGaEv9aiaPibzyRbBA4hMHOzZg0wjNjxibIrpBWZ2PljZfrIVy8RLYuUH7gZ7xdZKIdib5Ekwnpq6iccvby8kGQw/132',1533976698,1533976698),
	(302,'odSvU1Pkv6az3EF-kVZUrqC0kkdk','yuan ~',0,'','','','http://thirdwx.qlogo.cn/mmopen/vi_32/r8va3S1FQL1ywe7ic0lRwf5Ib8u3JoJiapAIhYcWJYqw8KYVMv5hLTsGSHgJdvpn3OtY6FkQUyWzD5fJry1LUjnQ/132',1533976702,1533976702),
	(303,'odSvU1GnHF9CS2FbbDHi_Wxa00QA','小说',1,'泸州','四川','中国','http://thirdwx.qlogo.cn/mmopen/vi_32/DYAIOgq83eo3ibc5dwHzrxxlYPfhbg4OUEMLiaDMI40VOqG3fdNTAcbnn6MQDLlcicVicjLc1txOVGxOCl3A8x6p5A/132',1533976715,1533976715),
	(304,'odSvU1PdKdHFpeRBe_Aj7zaYAjCo','.',1,'泸州','四川','中国','http://thirdwx.qlogo.cn/mmopen/vi_32/uxDmUTcibzPicYRsKbB0FCC74qmq0iciboicqAsibJDzZBp0NQMhdFhmqGLNQV595iaTIjpSCN7qyNdkyUV5ucbPecfDQ/132',1533976797,1533976797),
	(305,'odSvU1D_6f4M2yKbDX99gWGbwgyI','喵',1,'','','','http://thirdwx.qlogo.cn/mmopen/vi_32/Q0j4TwGTfTId2tniaPLFOrT9HcAUHdy6834Cib8YXL7ibwmnNzpympjWrR1oexoy2BJFYK5L8cxZnzUcllIZ6LdTw/132',1533976950,1533976950),
	(306,'odSvU1EzU1S9QPnbCuxEH9L3JbDo','二毛',2,'达州','四川','中国','http://thirdwx.qlogo.cn/mmopen/vi_32/VO56uDVUJaq987sRhsK50drgv6iaCVZcABwnDW8wBRiayKuNjqxGfCt04IDy4unc6lnpkibc9r4WUpRqibtkVbWNxQ/132',1533977071,1533977071),
	(307,'odSvU1LDa5c5SLJHwhyWHjLCNYGc','吴丹',2,'成都','四川','中国','http://thirdwx.qlogo.cn/mmopen/vi_32/QKytCQGczw0tP7ibR0Xs26XyLjrGdoXoLc73bmEcbaXJQRMbDAFibD5bLD9VWUL9R3jeTgbhs2WPIUR9h8Ldllyg/132',1533977076,1533977076),
	(308,'odSvU1G69lQ0aDxnDrwNGYPBkB_k','刘大园儿',2,'朝阳','北京','中国','http://thirdwx.qlogo.cn/mmopen/vi_32/rmW5MVic2H86ZILgkejiaSPwKRmlqpq9r2S59ZVbnaGbJLaEC94k2BqM9jQwSejTGtBxkCicl0icGH0kueUwPhou3w/132',1533977092,1533977092),
	(309,'odSvU1L87IjRp08zNgKdkqE4rLhs','',2,'南阳','河南','中国','http://thirdwx.qlogo.cn/mmopen/vi_32/Q0j4TwGTfTLiaBj3cBW2RlA6sia0vgyiaEQcPOsJuk3Oa9cBStJFL580JFmPFBbWJJoofPZcK01zH9ia9PNq4aicfxg/132',1533977222,1533977222),
	(310,'odSvU1Ohb_dK-CQX_oue4HUhyd5c','丫丫',2,'','迪拜','阿拉伯联合酋长国','http://thirdwx.qlogo.cn/mmopen/vi_32/IsQaADpVic2eDKk3S3NeIb3icsvtOV8NoOFHibwRTSuiaLDoSg1RkNI4rzaaEAjqWRYGmEAx70oYKLxGic3Er80nj4Q/132',1533977400,1533977400),
	(311,'odSvU1Ga22OC_3wjC2JxCddP0--Y','metamorfoza',1,'','','百慕大','http://thirdwx.qlogo.cn/mmopen/vi_32/hibuicibEjrAvPadic6KScFhutUCmKdxezIB9yMZ0GpDPdDpicIDLB6DcKFn3nNc4siaZ5uqIjhhK06FcM70ytqqwwWw/132',1533977491,1533977491),
	(312,'odSvU1AwWZbVXkSPnvskTnd7JUtw','lonely   silence',1,'安阳','河南','中国','http://thirdwx.qlogo.cn/mmopen/vi_32/CXLZlb9yaSnevJEb8EAppWBNu8Xl9AIEYQ5lqmEuvDJibnLZRTt0qbhaACcVIicOOy5xAibaRibXIXn6sZ8E5PQBGA/132',1533977531,1533977531),
	(313,'odSvU1K0uDO1Gtq_58aVHs0zhemc','小鹿',2,'赣州','江西','中国','http://thirdwx.qlogo.cn/mmopen/vi_32/pibUDa0drYAS0XtuBWsM6mia5DUArCamD6X6ibFGMR3W9XGCKDT7jKicmC3zP2CxjSia5JMchQGSI6ibT4m8dmke6IaA/132',1533977696,1533977696),
	(314,'odSvU1K-ndRk1bKMXKEDFhb6Ny8o','阿道',1,'成都','四川','中国','http://thirdwx.qlogo.cn/mmopen/vi_32/508TZxKIibu6WLxde6Dia9AgibbKmACKqhr6FtrkoCDV59U3r8d4b5pQkBwBkbjpuK07YlFgvf1QClcjM0Qq6e3Wg/132',1533978108,1533978108),
	(315,'odSvU1FKikip5sDZiy4iKBxc_4vg','洋哥哥',1,'','重庆','中国','http://thirdwx.qlogo.cn/mmopen/vi_32/Q0j4TwGTfTIkU1uXkPKjqvafgnveClJdvP9dD7BOLaW4V8RH3C2Y1bOyOqdHcuaH3aOnrmsHolLH2aLFdguJbA/132',1533978244,1533978244),
	(316,'odSvU1Mfig95BFN2whQjdApP6gVM','1',1,'','','智利','http://thirdwx.qlogo.cn/mmopen/vi_32/Q0j4TwGTfTLiblxXJvJPPKnfafJatCpRR8xla5sqdMSR4cPhOqnQQVA1pkLPMOOMeYzr9Yzz0zpAicia1IvxiaZzAA/132',1533978256,1533978256),
	(317,'odSvU1IlgEew5kQLOPPK8kSTZlJU','倧bb',1,'顺义','北京','中国','http://thirdwx.qlogo.cn/mmopen/vi_32/TISgic871LKuiaPvGZqhiaB0BdK9clJly5pU7ibXiaT8DZe3mYye9JYibUxagWj6lHwiaQFwyibpRqt5nwqWicMlhZ92Zvg/132',1533978376,1533978376),
	(318,'odSvU1GapiFIPSyhcY3O_tbFQ_uk','G     ',1,'泸州','四川','中国','http://thirdwx.qlogo.cn/mmopen/vi_32/Q0j4TwGTfTJ51puYlIv65XQsy3kukVAibWc6OXLrD4Kc440Z4gx9LwHfr16033e4WdIgtHTGfWowhZ32jRm88Gw/132',1533978761,1533978761),
	(319,'odSvU1JzJJWYUQi_Lh2dr-ShURI8','YnEaS',1,'','','毛里求斯','http://thirdwx.qlogo.cn/mmopen/vi_32/BHfZcU8y0PiaFTWX2fwKjaoabibrTk9V9Mms0V9c0hcv65hFg9P6hRX5BqFDwcOaYfDUDRMG8ciaKHZMMw04DiaDng/132',1533978861,1533978861),
	(320,'odSvU1C72-SQfoYUjMNZquXi_5SQ','闵闵闵',1,'泸州','四川','中国','http://thirdwx.qlogo.cn/mmopen/vi_32/wcwaLia8AUZ99EboAwo7TaX1vHCQuJ2WqKruPTcwHa2XSpnicibUR0rU5VPAibsBFWfFP5nsiaujJb29kJez5E61Tvg/132',1533978904,1533978904),
	(321,'odSvU1L-usWfcHdLPUgqS73LHSIk','惊涛骇浪',0,'','','','http://thirdwx.qlogo.cn/mmopen/vi_32/xzAqySdEXy1dxh3alFczXeDMp3q6L7mfAB9gVnKYGQmQpzPRNZJs7Vd5qLSIqUx2k8UKsBgIyhvIZtp49sWfUA/132',1533979311,1533979311),
	(322,'odSvU1IOXfJFtpCT1rxafLjPkgw8','Luán',1,'唐山','河北','中国','http://thirdwx.qlogo.cn/mmopen/vi_32/Q0j4TwGTfTLu8iaBSS5IRIxiaAsxV8PebKMgxgmAX57oD6trj7micBU2IPrrEf85gxos6TlIiaticJxcpDEPFw6WgGA/132',1533979419,1533979419),
	(323,'odSvU1D5BbaW_VrM1k79uQ8eVwME','游老板',2,'','','中国','http://thirdwx.qlogo.cn/mmopen/vi_32/6trKYodKBmpYwTUJsG4AaicHfeeZEb45XBm9feJDibgVgnAJ32bUBiclTIg345FrQgMq2ghtp8iboPJguBgdBTmIPQ/132',1533979425,1533979425),
	(324,'odSvU1GP3WynWO_Ye7-kdqd2JWQw','★VāńS',1,'','','阿尔及利亚','http://thirdwx.qlogo.cn/mmopen/vi_32/X7fWDniaYIsDugZmsjQfyenyaCicYnfibxwtOq83YbnAxxiaicsYGZF75BOd2hLUf7ZAfpPpWBPYYhoicibEXKUAbuRlA/132',1533979465,1533979465),
	(325,'odSvU1G9i7NhRcBMouO_K6OboWkA','闫媛',2,'','','','http://thirdwx.qlogo.cn/mmopen/vi_32/L3KELo8mtbhxC4QxSYYUcA2mwunrQtKxvBJsQQR4Mm9eqxZz2H9exVicfIWMHHsMNGM299kQKwIiaRFyibdbdZtaQ/132',1533979491,1533979491),
	(326,'odSvU1NaKO_KeA8K3oan0Ik7dylY','随缘',2,'成都','四川','中国','http://thirdwx.qlogo.cn/mmopen/vi_32/mqfrBO2tBe0NqhOAKxe7815qGrZczA0GyuKcSZrAhqhE7MJTmGQWghuHydsTwbD2JlRPnkUiaf7ftPr5wQic7DcA/132',1533979561,1533979561),
	(327,'odSvU1HzzQw8j_DQkTp-Ej4YCqfA','满身是刺的熊',1,'泸州','四川','中国','http://thirdwx.qlogo.cn/mmopen/vi_32/Q0j4TwGTfTLg7OsOvfnoWppDwNvHcwGrWH5ZgBgh0gzl9jp74lAZJ6mQDFIC6w8bTclHK6AX28xwwTrCQlib5Fg/132',1533979656,1533979656),
	(328,'odSvU1GOj_xeZm0A3JvlG80UeSZQ','珍',2,'','','','http://thirdwx.qlogo.cn/mmopen/vi_32/QlaW3B0VqibKLykM9lV5p0rhCIWbSmNYmbF8qeS1MIsnDkFYFFrqVQ7O6esiaUkCZ2kCmg8N7uSz7hnLOgeWt2sg/132',1533979700,1533979700),
	(329,'odSvU1PdYxuMOjw2QGhLbVj5uz0s','郑丰',1,'达州','四川','中国','http://thirdwx.qlogo.cn/mmopen/vi_32/Q0j4TwGTfTKF0ZmEF2GFPb3ib1mH9EosfvcoN4Gr7ByDwzKajmXIZTCibdT46hIyxU5d3CNic8icxSMrmqc6RcSTEg/132',1533979851,1533979851),
	(330,'odSvU1LHtrYgelhI4ZUKcT3GpDpw','Cold mood',2,'阿坝','四川','中国','http://thirdwx.qlogo.cn/mmopen/vi_32/PFK7lPu7VbhbuiaHXSs1iaBNtiamLtlUoxtBYGdjlIOC8ECIUCMcOzjjia1gle4miciaVrNXQIjQEf0mNYFricLfRf3jQ/132',1533979918,1533979918),
	(331,'odSvU1PdHxXqMK7Nnq_uXqM6eCeM','XX',1,'广州','广东','中国','http://thirdwx.qlogo.cn/mmopen/vi_32/k7aV10bHqRsoJF9YD6ySDYphFh4m4NfMFahRuIrny6IrHnRZpjDAVIUMk1IrU6J82MP1qPA44kMu9ZvOLibgsRg/132',1533980243,1533980243),
	(332,'odSvU1HurFjXcx1nUXyFU466WA0s','江泳辉',1,'攀枝花','四川','中国','http://thirdwx.qlogo.cn/mmopen/vi_32/MN6rnlkXZ2GKOmMwovpVmn89V31NVibS6amicGRXMWiacvkPIicEiaV3nCdGr8g8C7rVNZfXwkGEwg8EsTsdicFlibYlg/132',1533980291,1533980291),
	(333,'odSvU1CctT6O0CLfWVt8GBiwgTfU','brüste',1,'成都','四川','中国','http://thirdwx.qlogo.cn/mmopen/vi_32/tvvq3UvEbFO3sUbSfFPVNtYr4d0qeT4IbAGH16zW9w9ia43icjYnltobPROUInM0uiaJjB2C7Ggh6ym4GDqpM712g/132',1533980395,1533980395),
	(334,'odSvU1ApGhaQCM2lNl-VaT2QKUIc','木子攀',1,'泸州','四川','中国','http://thirdwx.qlogo.cn/mmopen/vi_32/PiajxSqBRaELw3xuXol1lyLdu5U79TfZYw3YmHyib5I6s9IzXD5hUmtMN0OvNqx2c5FamsCjYO3nrL6Q6OKcicY6A/132',1533980623,1533980623),
	(335,'odSvU1E1gzURGmesZodcnCnjy680','82年的爽歪歪',1,'成都','四川','中国','http://thirdwx.qlogo.cn/mmopen/vi_32/y37JDvtHMcwKKjDyQQONhhBee9fFjia1AmFhDINdS6icTJ0xfmVj4ycTiaicCtd83wt8kcWzzn5uRt5icVI1MAXeVuA/132',1533980882,1533980882),
	(336,'odSvU1FQ-l5Sufo8phB-FpUkI0_s','BenyiL',1,'','','泽西岛','http://thirdwx.qlogo.cn/mmopen/vi_32/Q0j4TwGTfTL4Yf2awot0oRz3vbqG3GA5jCNDuZHrxKVDYs4QnH9l0bCmK0L2F8iaeiboHgcBoXOWS7pUJpTxtQrw/132',1533981089,1533981089),
	(337,'odSvU1GGYj17_pkUXWuASRSJjDGg','文波特',1,'成都','四川','中国','http://thirdwx.qlogo.cn/mmopen/vi_32/ib5Wt5T4yzuwgWLTYBv1VibrydkANoRsTTibpZcaeGYAKVpPBEJIEgkU0mVakXoqU5metIWrzdib0fCnRbHy5ia3dWw/132',1533981263,1533981263),
	(338,'odSvU1O2otyyDv0vLQUvMShm7xic','Kim',2,'广州','广东','中国','http://thirdwx.qlogo.cn/mmopen/vi_32/gabR88HVw3WAK4Oicn3USYemnyI1ETBgYKFb9FLRqB4WM5KtBGFgWia5vapJUDjfGqWnmcVPSbojHXaIIXbPH4Vw/132',1533982351,1533982351),
	(339,'odSvU1D30OTj-oB4O5pNkPly_LUU','',2,'','卡洛','爱尔兰','http://thirdwx.qlogo.cn/mmopen/vi_32/yicibWmBIDaSqKlbqTVIZ5Gd5qlOKWJAMiam1VibBVwNsh4T94BZx5QHOdjCxJSAmaxviaEtVKwibDSBoQfRkfM79bqg/132',1533982439,1533982439),
	(340,'odSvU1GTFWpUtA8hFfc-372hhmAY','星期八',1,'台州','浙江','中国','http://thirdwx.qlogo.cn/mmopen/vi_32/Q0j4TwGTfTLtSc1dYTibNqBW4Ro6Ee44iaJEw4ich4YPibMrGK5O6HX2oeRUVNZj0lmEjlJJjxx6UVtqnOu7s7ibibVA/132',1533982890,1533982890),
	(341,'odSvU1Jj7Wiy7BQqwdb8IGadlDiU','软软',0,'','','','http://thirdwx.qlogo.cn/mmopen/vi_32/7tEdeN11bEbYkDzdz2pnz620SLbR44YQJLfB0JQCCQPhAnAvfGlxD2KDJ8YJRFlZbPwKo1sK3SlUeIK209u2wQ/132',1533983408,1533983408),
	(342,'odSvU1Bgj3aSUtLKA2uWzlAYW0do','花花*',2,'杭州','浙江','中国','http://thirdwx.qlogo.cn/mmopen/vi_32/Q0j4TwGTfTLYaFfXicp4993O10dfPLUSf3uXYggdZsUkQU2ROZiaooGE48f2LLjd49pWsgT6j6dBMAk9NUpTuB9g/132',1533983418,1533983418),
	(343,'odSvU1F5dJKnW5_WKfGKERxX0yHY','',2,'纽约市','纽约','美国','http://thirdwx.qlogo.cn/mmopen/vi_32/CvbudZiawEYicjEyKriaMQ181od7icIPiaj9UX28ic8zBp87IQvALFpbu5u4DzALOf2Wy2uibDUO13SOHBJ0ialp6CKic1w/132',1533983436,1533983436),
	(344,'odSvU1LQJ5dxgBm1C61hrAQSWqQQ','.',1,'宜春','江西','中国','http://thirdwx.qlogo.cn/mmopen/vi_32/bOWRMfrwMGKLs3lSLaznpWZRhicgBjiazqulic0pWvrGY0sW4epAabQl4WWrGhic9RCnBY5vu7KzLKWdoU3N3enCAQ/132',1533983442,1533983442),
	(345,'odSvU1JLkjPQEd5mdr0AP-DMh_bQ','光头武哥18676529203',1,'达州','四川','中国','http://thirdwx.qlogo.cn/mmopen/vi_32/Q0j4TwGTfTLchUFP1KMW5yp7qqzCfenZDYdicokg9cEaM6SN2Xe9K27fTblFyvCmErCTMzb8hl4UOfk820sJ26Q/132',1533983652,1533983652),
	(346,'odSvU1PTZTac7yKmRE_ace224q94','Minus  one',2,'成都','四川','中国','http://thirdwx.qlogo.cn/mmopen/vi_32/7jUrKpSaKDLYqSzlhGHwkVgzadyRIOLpic6Ev2FibVqT72vPIagwG17ZMdPDnnYESWOJIT45dlCZMXUK4bwal8xA/132',1533983723,1533983723),
	(347,'odSvU1A_NyBBw5FKvVMg60DVXLkM','隔壁班的李棒槌',1,'墨尔本','维多利亚','澳大利亚','http://thirdwx.qlogo.cn/mmopen/vi_32/wgXT18IR9icbX4ZhAHhjaRTibYN055NgaMWV8TL9qhJcL6U6iaglebrtxibt89UgORwRiaRel6CyqJLbnWbGUjyWLTg/132',1533984672,1533984672),
	(348,'odSvU1KDMH4D6j62h10N1i2dC_BY','小猴子',2,'','','','http://thirdwx.qlogo.cn/mmopen/vi_32/Q0j4TwGTfTJlaNica7xRH6B3ibrAqO8XosXk1b5RhwbOdLSkfkU1xWaYNpxAbYnIzG3U0K0Z6D7Wu4pOEYgKywuA/132',1533987155,1533987155),
	(349,'odSvU1MA91EjG6d5vt363I0FnsQY','平安、幸福',1,'泸州','四川','中国','http://thirdwx.qlogo.cn/mmopen/vi_32/Q0j4TwGTfTKa3bW5saZNAyt39Ribq1KMJup7DG59QNW9HH8jra1SmKbRNh3wicIwE7KNPwjtKSicsgW1uyGCzWKEg/132',1533987229,1533987229),
	(350,'odSvU1MoajRjn269-f2L0zERwOcs','赵子龙',0,'','','','http://thirdwx.qlogo.cn/mmopen/vi_32/DYAIOgq83eqQqXlrLWGVwgBglDzYlKqa6e5KpIg11EOibGMIQHo0FkNrjP4PlcFzF4QB0TlqcuPko9j9FIJeNUA/132',1533987410,1533987410),
	(351,'odSvU1Acf2VMD1T7TTrDOU051kvQ','失魂人',1,'成都','四川','中国','http://thirdwx.qlogo.cn/mmopen/vi_32/CBDeicIs1kLtQIHSAHwIefBicFvmV06Hl2r0kLRR8dS8eDtydMO8WLw676CyGDZKfpLRKzczh7YRLUXDnicFpRS4w/132',1533988489,1533988489),
	(352,'odSvU1PTRRUmbbShpWbHLUaCd3ks','RSW',1,'','','中国','http://thirdwx.qlogo.cn/mmopen/vi_32/Q0j4TwGTfTIPq31SHqkABQNNRkzleibVNa2wfVl1sUxbVnSRhrzffSfrBlHSt3I6ia0HiboewvTa8sL1lS94jmNGQ/132',1533989302,1533989302),
	(353,'odSvU1LJIB0ctW-FoHYYbHXnxLX0','做人做事',1,'沙坪坝','重庆','中国','http://thirdwx.qlogo.cn/mmopen/vi_32/Q0j4TwGTfTJYEXtfBhiblq1eTLgbzibCOheWwrr1MXAib51B2LkEvoPMtXiaXv5m874ZsZLr3heAZMqRPsBQR52g4g/132',1533990702,1533990702),
	(354,'odSvU1BBPUUmR5MrUAw_OukEVamA','小红',2,'东莞','广东','中国','http://thirdwx.qlogo.cn/mmopen/vi_32/JOr4V4SxrpiaT66bjNVuaj3BFLxzFT3mEaNnCvlHQspjK6sjFbiaDOQGBocaoHSubaqBxtPMjyAFs9pqz6CLhOag/132',1534032584,1534032584),
	(355,'odSvU1D8gM_tILbZNXqESKyYAOkY','Seek',2,'','','蒙古','http://thirdwx.qlogo.cn/mmopen/vi_32/eHApp2zrT4rWqMUWMOsToO5a4sh89NjQWcUDcH4u3fNCwvj34qsdJ7tbgqUxvUQjmexicia54EjvBOdfJ5XZPc1A/132',1534043476,1534043476),
	(356,'odSvU1AMDs0eYHfGbmMToc6e2d0E','February',2,'','','洪都拉斯','http://thirdwx.qlogo.cn/mmopen/vi_32/tF3z4NjHkUYdKISvZEHYd4gahkOyvkhCe9epR7COpBeSCOA3ooaibd1keSqaCJ3l3JCHe2GEKQg06DBTrslAD4Q/132',1534043552,1534043552),
	(357,'odSvU1Gv1Xzr_FCtZeMhFgfOVDBc','张可爱',2,'','','阿尔巴尼亚','http://thirdwx.qlogo.cn/mmopen/vi_32/0dLSqoKMcPbNwEiaAuOu1VJlZVmaefaN5mqJEQTQ0ibDTiaNmiaDDMtwzlmM92yHaCWWp6zPvQHtTupjYJ0eNfOc5g/132',1534056766,1534056766),
	(358,'odSvU1FTikeJV2vdsrBpLey2OjBs','胡蓉',2,'成都','四川','中国','http://thirdwx.qlogo.cn/mmopen/vi_32/pYEv0q3FJA5MuLNO2sMFDHh0ibDpLf5jKO4wibBFwBriaSMJdHJ1EicrItwsTgUbebejMZCOwqamPr2HZGC85ehb6w/132',1534059922,1534059922),
	(359,'odSvU1FbdP8t06giIaFYY6-iKGaQ','古月',2,'','','北马里亚纳群岛','http://thirdwx.qlogo.cn/mmopen/vi_32/5Rw2wtEgc2RbCib9IBBl0TXyTgEDDjnUepDPpUglicoS4688zibxIvUgVJzEpBpuYNaFEOd4f81Uf5B04tykzY4Mg/132',1534061282,1534061282),
	(360,'odSvU1KCGZo41uW4p5Sz2NjbF-dU','-小路',2,'墨尔本','维多利亚','澳大利亚','http://thirdwx.qlogo.cn/mmopen/vi_32/DYAIOgq83epBQicIdZ3uHZkoMlru11NfAGM96IVCOwYNvsva8szXxTpZtcic7UOuVPHdIkic9gjlLmrkQQ10fVRhg/132',1534061729,1534061729),
	(361,'odSvU1NKzHRBu_5jGMc8y3m9o7EY','Soulmate。',2,'成都','四川','中国','http://thirdwx.qlogo.cn/mmopen/vi_32/vTEeZF8488FQicFUY91ViaImoDQQwbezw1KdBpnJtjE25HBFSlnHdxXA66yqXcrJkiacGNWibAxDbwO6nx55j4JNbA/132',1534061786,1534061786),
	(362,'odSvU1H02Sc1zWYlR0FwE5PEbRuw','婷儿',2,'成都','四川','中国','http://thirdwx.qlogo.cn/mmopen/vi_32/DYAIOgq83epfibgichJRibZG7eIgsRMiaibZxTefrRhKKq61zTn9qDBWIORz08tc82CnoqN2eogaLukuwLVaa3LYWuw/132',1534061848,1534061848),
	(363,'odSvU1MuhvO9r-0uJUBzths81slg','男色',1,'','','安道尔','http://thirdwx.qlogo.cn/mmopen/vi_32/Q0j4TwGTfTLQuo46CEnHrdoGSK9nwibtTQFDskvlfZ0EGch8keklSG3u0djIp3akH7OWKZ65uW4cchrvhA2pdaQ/132',1534062765,1534062765),
	(364,'odSvU1LtKN8SGNtTrDjts7i17ois','大佬。',2,'宜宾','四川','中国','http://thirdwx.qlogo.cn/mmopen/vi_32/PiajxSqBRaELcfHkV1OWt9Srgh2kQc8Kr98HLKq5OJnhqxNOoDdJ0DNupbFGTCibKntfSlyg5HjlTqJNvj4yr7Cg/132',1534063034,1534063034),
	(365,'odSvU1ODpC2CdopsxyC0qbIJZYo0','D.',2,'','奥法利','爱尔兰','http://thirdwx.qlogo.cn/mmopen/vi_32/to5iaxF4f5K1eDWiaHBtdPoH8IfTkUsqNOibIpR0zpdHWWBwolTPxRhXM1EnKwCWdow2NryL4XMVcMAtv9aA71zGw/132',1534063599,1534063599),
	(366,'odSvU1EvdYdxA60rnYz5JV7pd3vs','Rehack',1,'成都','四川','中国','http://thirdwx.qlogo.cn/mmopen/vi_32/Q0j4TwGTfTLbeztqcmj4sZK1IBgxOibVicboDWfBbQZa3AOsglP0qF8tF2iaRcQ2ibVBFaV8kVI2rqM4NS8KhgAsTg/132',1534064409,1534064409),
	(367,'odSvU1PcOv7Fq8eEVWmrzVrM0_Xk','圈圈',2,'','四川','中国','http://thirdwx.qlogo.cn/mmopen/vi_32/DxrMUg2uZyFFjib7IgJQYnHYTxeWNPyIs4pqtq77vk4IRqOE2sFaGRicRJGsyWibYiamj8o3xyCgugNoFjpx8ksq2A/132',1534070590,1534070590),
	(368,'odSvU1G1kVyteRKmbi0C6ORo-fag','陈大帅',1,'成都','四川','中国','http://thirdwx.qlogo.cn/mmopen/vi_32/DYAIOgq83eqk1XbuxMP8OI0KSeiaIaWQS7nQzmLTfkaTPCJCGWtbKquXyecNGYkiav3oJCTm0amyxznklqic7o1lQ/132',1534074218,1534074218),
	(369,'odSvU1EDF-tEs8K7pTlIzLHfEYr8','简爱',0,'','','','http://thirdwx.qlogo.cn/mmopen/vi_32/CfkXZvicPCLR4KDfz5hqM5Cy1fbOvRH8fGBxJ81rumicI0aEPDe5FqWXCibJBFVdbdHBBfa9CVsTicHjVeS1ibvGCMw/132',1534075698,1534075698),
	(370,'odSvU1GqtmSWLL0-6fIPcuweweG8','雪人',0,'','','','http://thirdwx.qlogo.cn/mmopen/vi_32/Y4kGv8UQUcKmqjaYgZnOOsbOla9uialDDQKvVHBrLiaic9ooBGsZNYjMMuPANLsQ9UOUIRoZ5852Qw6GEt8ib1pKOw/132',1534076067,1534076067),
	(371,'odSvU1E5Kaq4onC9xbaqNCg1E7ew','胡波',1,'宜宾','四川','中国','http://thirdwx.qlogo.cn/mmopen/vi_32/VibeRTbJRpepI3Ya3u27pNfaiadNEKTDqqGCODicvQJ7NKFGmqyaeCTrVrhENXceVqibldwHTKogrlhT98Coa3BQUg/132',1534091153,1534091153),
	(372,'odSvU1InOSIW-QEN4NKadX-QDlZw','清欢渡',1,'','','百慕大','http://thirdwx.qlogo.cn/mmopen/vi_32/6vU2JUMF9lrVCNyaSQG3yh8aTaOHBKBD5MD4AjKIxREvjk2PwrUnxfLk4KZb2u7HOlzOeUaxWJMQDUgFQMAic6A/132',1534115746,1534115746),
	(373,'odSvU1NXQ8O-HIBzoi9__GvqC2vg','Xuhong',2,'荣昌','重庆','中国','http://thirdwx.qlogo.cn/mmopen/vi_32/Q0j4TwGTfTLVeKp01SQWmBIIUHnwo7r7zo4APiaP7Hmas1R56AwbibIAiabNoO5PPNaFlcBcRWlibvw4XwQLlSPd3A/132',1534123774,1534123774),
	(374,'odSvU1AQ4IfRvJE_1F4VfOZlAwAs','国邦客服徐宏',0,'','','','http://thirdwx.qlogo.cn/mmopen/vi_32/GS0M2xgmYia8SAnImXlvU1r1YsoZsFgUoUVcmdA9HBE7esWkQMicmeKCJH8gYXZlJEbrbZEl8I5g3ZykiaHLwQLkw/132',1534123811,1534123811),
	(375,'odSvU1Dzku8PoiwpftRqxxAjg1b8','L  。',2,'宜宾','四川','中国','http://thirdwx.qlogo.cn/mmopen/vi_32/Q0j4TwGTfTLS4pibIdU4SGtn2vNfM33Arialov1weoTZ4OKxk0SMftAWOxgQd5RaytjiaVCxFiaWvlCQPQx2D8icZ9Q/132',1534124264,1534124264),
	(376,'odSvU1PHjh3ns_9YYdtLpf1QfnH8','李朦',0,'','四川','中国','http://thirdwx.qlogo.cn/mmopen/vi_32/Q0j4TwGTfTJphP0wvvJia1cuXKMu55gtB8wRicZCvIt3bjItXiaEOsWicthqyvIbTQWHvWQQoJu9icz8EtHrpj5GtIA/132',1534124373,1534124373),
	(377,'odSvU1LiVrUx_zkuNS9GBcazD3kk','XqLq0707^^',2,'','','','http://thirdwx.qlogo.cn/mmopen/vi_32/qsxkMxh6rhRibuTj04MEia5b7EiaWiaoh2ORYx9liaKh4fv4xkE5gJME4d8ib47nmVia3e7LAicK6wggRU5ZKGkGFgk0yg/132',1534124400,1534124400),
	(378,'odSvU1Mt-v4d4pd9hTaywpPVvMzk','风暖鸟声碎',2,'福州','福建','中国','http://thirdwx.qlogo.cn/mmopen/vi_32/Q0j4TwGTfTISZ1wz6TpYoReoKRwuWnsOibXoWHxZHG6ibdklEicN9xA2COxffQWPeA9KDS2AF0emwQy2aZwZ3ytmg/132',1534124476,1534124476),
	(379,'odSvU1BTA31VnbLW3i6E5dNrOlDQ','我想去西藏',1,'','','希腊','http://thirdwx.qlogo.cn/mmopen/vi_32/WEicGwjOnLCibDTBVPfibWCZuuDqtJybTPIdicvRpfUa4HyEyJibj0BzvnEDuVBfhDt0Sq7CUiafpZyz4cpzRL6yOViaQ/132',1534124596,1534124596),
	(380,'odSvU1Ofi6LGduTpTMm1WL7YZmBA',' 相逢是缘',2,'绵阳','四川','中国','http://thirdwx.qlogo.cn/mmopen/vi_32/tO6hnOZLCh5sKUXEPwPqEzxEUDZVKfJgUs3XoLsJoB7bcmtOt6pTcO9anicwyA7qqcHIWVh7L0t1maIyFfzYqnw/132',1534125121,1534125121),
	(381,'odSvU1PpQ0_vLFO_XIO-AA8Nc7TE','随缘',0,'','','','http://thirdwx.qlogo.cn/mmopen/vi_32/hV4bickcyqR0G8MFC2Y3008xepicuNia0S31Nr3cgUMWRZxcG9icRIk31aCsYWFeTdrLhgXDc4bocEibCyBkYSlwv5w/132',1534127444,1534127444),
	(382,'odSvU1LIqMcHxhOyvYezhSfqHpOk','后视镜的他',2,'湖州','浙江','中国','http://thirdwx.qlogo.cn/mmopen/vi_32/gwzPcacuLZCYEqDnm7Lbzz13AVDaUmTqLNFDXhPtoaydTPC1Bf7c7rJDwXn6EwMX8dppOiabdVD7E8CW8UUeelA/132',1534131235,1534131235),
	(383,'odSvU1Da7B2fQUnYndt6ba6AfWRg','心&晴',2,'','','中非共和国','http://thirdwx.qlogo.cn/mmopen/vi_32/8K1EeQhsvCps3ibNe93nfc6HaSDJiczT4xqhQLGoavsAmtGkkmibu6b6u7cQko3G5QVHbFFFSDCm6TVlN29icv8hYQ/132',1534135416,1534135416),
	(384,'odSvU1ACKH0Lc6w9fWwLY8GI32uc','',2,'成都','四川','中国','http://thirdwx.qlogo.cn/mmopen/vi_32/mXjxRicmKncYNCIqbiaczzJzb3VMycpSBWkcOWJwkgibra70LePhZjf3gUzhuJEebeRWFicOQsQcGl07E6ziaNBZO5Q/132',1534142570,1534142570),
	(385,'odSvU1Kh_8wwYyFCopBChquNlDIQ','門徒-小郭',1,'成都','四川','中国','http://thirdwx.qlogo.cn/mmopen/vi_32/rlIeDLHvqo0r9Lvz2LOABWOo6GzoAJSa6aUzgsNQoX7npk9WX3Y17oib83zHmf4PjUttOJnlHKQt3dxe7RibdLJA/132',1534144148,1534144148),
	(386,'odSvU1CgLPHpw55gmxtwpq2fKAk4','贝臣齿科王医生',2,'成都','四川','中国','http://thirdwx.qlogo.cn/mmopen/vi_32/0fskmtQtPmIhoWIqLWWLEeiaIWlibOxFH1Maf4la6iamGxFIxjYkeQZDCzWEvYYh8Iz1bDICRBjibTSsKdRuY70VWQ/132',1534153993,1534153993),
	(387,'odSvU1HVmSfujQ_nyqJ7rU2GKF14','燕子',2,'成都','四川','中国','http://thirdwx.qlogo.cn/mmopen/vi_32/Ric6VfVFX2JwA3icypmKicCLNJjs11MjiagFkpa03ibHKlALc7tGhLjYaQmSTWxRbJKrAuuib4J9SKQwicKsIickQpaaeA/132',1534155079,1534155079),
	(388,'odSvU1EccNAqVsg8etSdpQ1yUmeY','熊猫大侠',1,'','','百慕大','http://thirdwx.qlogo.cn/mmopen/vi_32/oB8cLeoBwKeHIJHic7YlNeDeE3PrMkcVfzQ3kTphRqDibvU4oTNGUA7fjClRBLVrmoWtKhHiaYV650ibdiaBpLwn6EQ/132',1534155478,1534155478),
	(389,'odSvU1EqkqBi8yk0J53TVhtTC_Xc','青儿',2,'成都','四川','中国','http://thirdwx.qlogo.cn/mmopen/vi_32/iaib2F08LmgespkAkicElX9V9fiaTU1iapFZ3thgMK2hZIibibiazPPYPX6R9icncSKibXa3GyvcDFB5YMuia3X0QDcU312BQ/132',1534156151,1534156151),
	(390,'odSvU1A4kOBiKUgjzwsgN-t9z15E','很高兴遇见你',2,'成都','四川','中国','http://thirdwx.qlogo.cn/mmopen/vi_32/Q0j4TwGTfTK1ojEASf3zquSQGVQogadqI5X45KibUrkobjVg13ywY5nmSDLibYHcYDAotjT529XicEbLIbIgiavibNg/132',1534160714,1534160714),
	(391,'odSvU1K3C1ImrwQvEycQR5KWpzCM','W',2,'成都','四川','中国','http://thirdwx.qlogo.cn/mmopen/vi_32/gouXtWBvkCG7bcx2hdrEKtAtOLJcHrQT3ibkHiaicSyDUUsaKhCh19RSwr5KVoNebYia34jyB4VEWiapbOO7aBMF0xw/132',1534162612,1534162612),
	(392,'odSvU1PK3ZXaRRZ1y-Ke96bJq-wM','丶',2,'成都','四川','中国','http://thirdwx.qlogo.cn/mmopen/vi_32/Q0j4TwGTfTKaGAibW4GJJv73UoWSqMB64IspFJdmialYsjr4sZbQKqrdDU7t0hJw2kbvJNuhvLgSibI0WhgHFIqHQ/132',1534301604,1534301604),
	(393,'odSvU1EJuLP_jTIfBYeiNWs7SFbE','Meiooo',2,'成都','四川','中国','http://thirdwx.qlogo.cn/mmopen/vi_32/Xf18vibrJ6ib4Lj101cXNWSkrkcadjL1tVycsMpBBXu7VYn45txMmbz9CK5nRneyiasebWTrsafS8VVrAyplOyfXQ/132',1534301898,1534301898),
	(394,'odSvU1EUv6KorXu7lTKkWvtc_vMY','',2,'成都','四川','中国','http://thirdwx.qlogo.cn/mmopen/vi_32/0RbHHMMSlgTdInZtbpEyKQu5BicIGicoZcS4icf13skxn0mG9LNQksqfpicIC8L47WlW5UhglSl1aOGLpl5W46ov8w/132',1534302031,1534302031),
	(395,'odSvU1GHbgMUJ-4RVI7JbKWmeZa4','.',2,'成都','四川','中国','http://thirdwx.qlogo.cn/mmopen/vi_32/Q0j4TwGTfTIsibtpFO1xrM0bdAPvOuLtL9FrDh5lOCoP40ab98f1cHYbs5y1FJTzXaawwWKVZsq7X5f6YTVwSWQ/132',1534302179,1534302179),
	(396,'odSvU1KNI7k7xiKS5JIfImkHdkJM','城市小万万',2,'眉山','四川','中国','http://thirdwx.qlogo.cn/mmopen/vi_32/1KIw8SJRicDoqG9P2y4eonrNBEDx6RAjlQYsbTN7ticDMX9nXVYK2IPyPkBzPaMZCoALSkc8pMWLKUyk4ibTicwicbA/132',1534302315,1534302315),
	(397,'odSvU1G5q-SM71PGAbsko4jHUysQ','蚊子',2,'','','不丹','http://thirdwx.qlogo.cn/mmopen/vi_32/74LllXzhnGuRFrVWswraLb2N4IWibOdYDA1uyatiakLFKGxKv2AapEAyJoycMpia8pib8d70HRJoPjoqia1UHLayHcA/132',1534302765,1534302765),
	(398,'odSvU1JLEi2xgjbi_VViUe_i9UIQ','雯子',2,'甘孜','四川','中国','http://thirdwx.qlogo.cn/mmopen/vi_32/ibTcgoBaO3oVDLyT6qKCpmdRiadkUcRSYrMzXrEeqhS5ZXW3pGCv7HUkdHRoY2Mv2Apn6oZIpfayVCia8knlWyGnQ/132',1534303236,1534303236),
	(399,'odSvU1PEm6ClYU48yzdqSJiBFelA','i',2,'','','','http://thirdwx.qlogo.cn/mmopen/vi_32/mnPbBjzCI4EqjYCkDMU99UyTUwBMgQ6ayeHeyK7dNN2U0rkfUTJKO1LzArExfcPCYVcD9lhN8GlWKOrE87zuTQ/132',1534303405,1534303405),
	(400,'odSvU1FhGN7UbqSPchh7ilq4ow_U','',2,'兰州市','甘肃','中国','http://thirdwx.qlogo.cn/mmopen/vi_32/iaLMg4gW4icUFfeGE3X77xicdP2TE0viaRfYVgKSYOOXo07fWSy0oW7uKbT8oUJib0WVmdMz0Yq2IB15Km9gF5ZBunw/132',1534303509,1534303509),
	(401,'odSvU1MQJCmlFo3vduTi85YRwvSI','美丽刺猬（专注美丽，纹绣，微整）',2,'成都','四川','中国','http://thirdwx.qlogo.cn/mmopen/vi_32/GCKNrvoz9lr8PQz4sdlZ2uFulUf6b556icvcMze8IRo0KHYicd7GeEj11bh5LiabCUQQiaPpvFcjSEcYeBIutt0KLA/132',1534303514,1534303514),
	(402,'odSvU1No4EG9UUZZ35cApnojvl8M','Cx：',1,'成都','四川','中国','http://thirdwx.qlogo.cn/mmopen/vi_32/FiarbAwfqCV8rpDp2wZTZpseqtWA8RTqGeSX3pQ8UNu0SNRVqN6LNUU2rGyFwun2HCDy9kIs6Xbfia3FWnJ4jWEA/132',1534303541,1534303541),
	(403,'odSvU1FOvZXuYbt58rDm1zSHvnR8','vintage·雯子',2,'墨尔本','维多利亚','澳大利亚','http://thirdwx.qlogo.cn/mmopen/vi_32/KRpDw2uu5Gic2z5PickB23sdZZaxUcEnXT4fQV83qF3FzZvYzSOLqafvtFW0Fw2teQxyocTrMny2iciawRfT0xqzJQ/132',1534303642,1534303642),
	(404,'odSvU1F5W-tO7FRu3pUhVIG7gH2Y','Ah Yeah^ω^',2,'无锡','江苏','中国','http://thirdwx.qlogo.cn/mmopen/vi_32/BTJKeuRdsJNbgxav0micaOLIXqCMpfM8TU8a06qUjIFJ5G4jJXRJY3s5pWrUcLIYZ5ibkQcztLskXCtlXu1IWnAg/132',1534304323,1534304323),
	(405,'odSvU1KAPXLLxulJ85V6nzwY2UD0','少女总统',2,'','都柏林','爱尔兰','http://thirdwx.qlogo.cn/mmopen/vi_32/KibtG4nEDDBggcePpBBL1yhHjh8qZ7c0eQWmWofAibSOo6tVQ8txgXJH38yicXgDCVbbiaJlMTU6ThRkiawFx9nnqwA/132',1534304496,1534304496),
	(406,'odSvU1Ck8CxAwDaAH65ZdWq9CzsM','陈。',0,'','','','http://thirdwx.qlogo.cn/mmopen/vi_32/toS4Hc6PPIJCwsXOaZps6hqSf6sp3p9cK4oyfMRv0raDvp7sicjcWNXsAYfvxsgPyWBaLYjNuGUNyqkRMHjniaGA/132',1534304745,1534304745),
	(407,'odSvU1JlGNi3njsxBldLOPrJXEEY','一茶_画',2,'成都','四川','中国','http://thirdwx.qlogo.cn/mmopen/vi_32/Q0j4TwGTfTKAd0INT6T8mFQwTahTZNXia8Fc3cMN4zDnu04arHeyYMr6nGQV4FZsPTKVkRWMg8yibT83rNbYfibgw/132',1534304762,1534304762),
	(408,'odSvU1ATkCnLF4o7N-sV8Mf0b5og','肉肉儿～',2,'','','梵蒂冈','http://thirdwx.qlogo.cn/mmopen/vi_32/M8aksjPuoYaQmyXsQZLoGP3SrgVKPQKTVhErcBkB1UoYgrfrnLho8CyUFNLlXicBuMXKp84ZEyAejQJny4qee3g/132',1534305820,1534305820),
	(409,'odSvU1N_WLCwMndyETOHNaJ7_RUY','给我一秒毁坏世界',2,'','','冰岛','http://thirdwx.qlogo.cn/mmopen/vi_32/Q0j4TwGTfTIbMd6JmKic9zwAwz1mv0ia7y2XFbUTBTibu56y5HYPLcibmd99yicibA0RxiatEx4mQYLIpX9xTuby4icQSw/132',1534307872,1534307872),
	(410,'odSvU1BvXOP85NSvSFdOTFnOAg0M','简单',0,'','','','http://thirdwx.qlogo.cn/mmopen/vi_32/xiatEUnM4E3SIiaOX5kkjFmuUmf8edFWkcZU0gaT5a0doicmvjRD2qFmmooKwQbrOgQIBrSnic3z5FcsfAzeK7x7pA/132',1534318955,1534318955),
	(411,'odSvU1CTSPjY9-gvk7EMkaprzgek','老杨同学',1,'雅安','四川','中国','http://thirdwx.qlogo.cn/mmopen/vi_32/BvTiaeJwuicmhGKhibD4sP6tibQ6xMicblXgQq9cLgJkUqnw3Wab7iaY7ic9G6ljyMFicjZ6be5ObXSicePednMyVIjFjyw/132',1534330016,1534330016),
	(412,'odSvU1JIZlLFAK1JX02C3TFodNAQ','忆梦',2,'甘孜','四川','中国','http://thirdwx.qlogo.cn/mmopen/vi_32/DYAIOgq83erx4iaoj5gjXgc110rQjIG5Wh5ooK5IkLeOB6coribYbsrF5ESpVtsc5WZUTndUeHGsicowLmktJ5Heg/132',1534338652,1534338652),
	(413,'odSvU1CJry6qUhDjJpyVpS6VhzsY','คิดถึง米蘭墶',2,'甘孜','四川','中国','http://thirdwx.qlogo.cn/mmopen/vi_32/fluanvqr3Xkeic5TfS4xUIg6hpO6XXdNalvjjiaVFE44vXg9yJIWMUib1xDXGw4jnpjQz5uuibNWrlpVg0QG0tJvBA/132',1534338789,1534338789),
	(414,'odSvU1L5SEGYIK0vHmBxLhTVsNHo','王燕',2,'成都','四川','中国','http://thirdwx.qlogo.cn/mmopen/vi_32/T6vaFiaXFDVUBySuicam1m7RIiaBsuFRafiaC3FYbSREVQp4XBhfgkCUqEgptuO8XCrwvesh8n4owLMcfbRWXdFLQw/132',1534343471,1534343471),
	(415,'odSvU1J9QDDeZIsEIDDjo2UNNxgk','时光纪jian',1,'成都','四川','中国','http://thirdwx.qlogo.cn/mmopen/vi_32/oc8DHRdYE9tB1UQ215GPn5Vqrz8Magn1AJu4jD7RIXmZvvp4FzxibKA7PW333ia3yklAa2JRkoJoricfRLn7rUSKA/132',1534346857,1534346857),
	(416,'odSvU1L82_cRpbRhdd4vtHXXSwG8','鱼.',2,'成都','四川','中国','http://thirdwx.qlogo.cn/mmopen/vi_32/Tsd3bC2mpHYD9cBAPH0iaZdt0QC34ibMPqO78XHdiaxYJs4OswmgNBf0dk3wfyJ7WJ6apvN3IF0eqekdO7MOkibRWg/132',1534379636,1534379636),
	(417,'odSvU1Pg_XPKdgJySLTVnp99RqiM','呀',2,'成都','四川','中国','http://thirdwx.qlogo.cn/mmopen/vi_32/Z5ZrqiaMfjqSLy0T1Xic8ZaKzwgiceBQAoZn3rUpicoeEfxW7sByHW1ybAYTTMiau2Lj0aIER9Im5JmMuafqSLlbOibA/132',1534403227,1534403227),
	(418,'odSvU1IlHcDCESk1GXaIYi4V1Ui8','W',2,'','','中国','http://thirdwx.qlogo.cn/mmopen/vi_32/JEZ1IvOvegAvo2icd47hMDT9SMuibRHVV0RLY6NJqGN2FlKBEm1QvnCyVqMTPV5KDSUsWp0ia9l4f6yyCwVBgLdMw/132',1534405090,1534405090),
	(419,'odSvU1IF-nPZli5107n4YP4W7PN4','.com',2,'成都','四川','中国','http://thirdwx.qlogo.cn/mmopen/vi_32/4icKzOZ83ZqZLegrXAKIOCibibjyccdicDh0xaXTJiawNG6jtG15GuiaPia9r6anvvwPkSqibJo09kafut8Fw5CkaFYmaQ/132',1534481526,1534481526),
	(420,'odSvU1LBGJ4By1wz8D5BrBtcfMf8','糯沫',2,'成都','四川','中国','http://thirdwx.qlogo.cn/mmopen/vi_32/tHcQfic6px8hlB6E5jxjO5qzoD2KA0Vicj9GJyL4mCOw05zVOSLt88kFT4HbD1IxhVvnict69bgQIMdOreUvQwWuA/132',1534481912,1534481912),
	(421,'odSvU1JZt-4AigRCaBPhFb_g0pvM','No  cross,No   crown',2,'成都','四川','中国','http://thirdwx.qlogo.cn/mmopen/vi_32/vJXO4yZsbIPXicWndAujGXuKH7ckzXmDYfd4WuuKuiaPj24kvkk8xfH52uAKOhzgtY5caEC4592yK1DJLFWqotwQ/132',1534482658,1534482658),
	(422,'odSvU1O3B6nUB2TlGSKOvWL2vRfY','洋洋',2,'绵阳','四川','中国','http://thirdwx.qlogo.cn/mmopen/vi_32/laCMFX1ZRVETl5fUc8lfXm8O8rp33o046JStI8yyk54ozToiaPmN5mGevJJPFY1AVZAiaULUOQcQU1AC5xJiasasQ/132',1534483216,1534483216),
	(423,'odSvU1Jz1uyaJQLaJ4o6p0dB7CuY','热心市民小苏',1,'成都','四川','中国','http://thirdwx.qlogo.cn/mmopen/vi_32/avIxhY0Rmg7taM4JrNqdoiaQg53GuzUpzSIV1FABFJoyOib2KHibxceIXSaT2dphxw1vEeFVLUV0XPh0YQFNLUlKw/132',1534486031,1534486031),
	(424,'odSvU1GXxOhbYvn-X4Y1eGUEhnGY','♀流氓兔•﹏•',2,'宜宾','四川','中国','http://thirdwx.qlogo.cn/mmopen/vi_32/yxwrP83C7wnahUeUsia7Gowh4ULLgkn05zL6gSSbiauSv4w6fq0AhRGTTPzB6IBUdBCNLPHy4dHRSEkZpeUsE4og/132',1534487618,1534487618),
	(425,'odSvU1OY-4MWAi0mcD-j4zHRm2VY','随遇而安',2,'成都','四川','中国','http://thirdwx.qlogo.cn/mmopen/vi_32/vcM6tkqVrfialHEPx9nv8Pnz12DQRobzAo4WUBjiaZT1ayfMVriaDB3kdl2ayGPkdbFiaThrxWxpFYr1R1WGtib2n6g/132',1534489505,1534489505),
	(426,'odSvU1Bgy7PtinAN-HPLX0u1KOck','星期五下雪',2,'成都','四川','中国','http://thirdwx.qlogo.cn/mmopen/vi_32/4UOmpoS0cn8H1Pj3TaPMEVwpOXavAGjTOknUZHU1kb5qw3MtjFbHdiaZYicpx0vEjvTpOrCS3A4Tj3ibLL7kdGztw/132',1534489731,1534489731),
	(427,'odSvU1B5mPGbTj4EDVcKdlrtxlCw','麦兜',2,'成都','四川','中国','http://thirdwx.qlogo.cn/mmopen/vi_32/aSnCQ0snKlrODdA6KeoJZc03d4gukd0g2VJz8vib6KVX2erhedia8p1NUUvahZmKgLq6tImTYoYckicVPcciaoJ81w/132',1534489875,1534489875),
	(428,'odSvU1OfNk-QdW-ujLbWpS7EZI3o','柠檬草',2,'成都','四川','中国','http://thirdwx.qlogo.cn/mmopen/vi_32/dy3AfItx2N240ujcBkoF4oveicwpUYZbIEMVWHF4FoOias1buZ3CKsvE12bAh3EmMPTb8VWbh0xSicZ2ScmBHFnEw/132',1534490910,1534490910),
	(429,'odSvU1FvFFXEXMw20MWTamYUaLvk','鷧鷧鷧……',0,'','','','http://thirdwx.qlogo.cn/mmopen/vi_32/DYAIOgq83erOKX6ibMDwspE589QD42eAjIickdeS8Y2RicjeOglRsavriakDfgMKicuWYHRVS61euFFNhIibIVjXjVSg/132',1534491277,1534491277),
	(430,'odSvU1A7uQEXkx2-s8Dnzceeg_x4','Matsuko',2,'成都','四川','中国','http://thirdwx.qlogo.cn/mmopen/vi_32/4B9XI1dhqrqQ2DhfL7vG9GbwNZyloUYiamQdibn54MzqLZo1AiazkXSENpw2n5zwLhJbF1kygVGGJLLsPG8tPQBag/132',1534492733,1534492733),
	(431,'odSvU1BYzgcyL4fA14ErteIJoBRk','Patient',1,'成都','四川','中国','http://thirdwx.qlogo.cn/mmopen/vi_32/l6ibnyeMJOKVWLHsZqJO4Jgymjeh5I0UiafYTDKO3icYcMKa6ebAejey3XARESZoVEeOPRuibZj9ic4I8qDPSYqHGhw/132',1534496782,1534496782),
	(432,'odSvU1KiCdDFsN7YKZsFtuCNSZoE','Yuko',2,'成都','四川','中国','http://thirdwx.qlogo.cn/mmopen/vi_32/Q0j4TwGTfTKvIeK0jAOPRzgNjmY6blxaXibJ4aGJQnqOcTreMKzicm96wL8GCHDlJSASdjSiabnrT732ErjHkHR8A/132',1534500958,1534500958),
	(433,'odSvU1E5uHUxbKxJi1pWOejRcfDc','兔儿乖乖',1,'成都','四川','中国','http://thirdwx.qlogo.cn/mmopen/vi_32/DYAIOgq83eqwm46N2OStPKlBPWRUHYodHRpCw2DZUIJyHH17P6QY6Cwpu1mIw59C1jlEQtMQClHXe5XskFKMnQ/132',1534515558,1534515558),
	(434,'odSvU1EcEquDZtNbuu5mHtRWBD2M','Motion',1,'成都','四川','中国','http://thirdwx.qlogo.cn/mmopen/vi_32/Q0j4TwGTfTIxkCLLfViczUia6B5MIkE8woL5J5fFMoBO9Swa3rYPysSnlMicg0PBJJaOr9Jm5pMiaZPsEIHxfWnZTQ/132',1534583493,1534583493),
	(435,'odSvU1L363il9yYrfG7Ef3p_PhNA','',2,'成都','四川','中国','http://thirdwx.qlogo.cn/mmopen/vi_32/DYAIOgq83eolhQpJeWZjbaMbUfgPZlHickXpBRuDPCEMtRPFUz61utE8ECJX9L6YHo1174jHFyMmJESEsibr8SAQ/132',1534643242,1534643242),
	(436,'odSvU1OCjJb8NDnugJeX7UreRdmE','a唐唐',2,'广安','四川','中国','http://thirdwx.qlogo.cn/mmopen/vi_32/DYAIOgq83eoAONYcM5WAVm3pHwJ8DopEYsQ2KuvxOagqp5jRv2uUeiarAU8J0CyfVxJA1mgibcbXmSbOlCm3ymIw/132',1534644500,1534644500),
	(437,'odSvU1JblFe1flPAXWszTdmoX7ac','牙科',1,'成都','四川','中国','http://thirdwx.qlogo.cn/mmopen/vi_32/GGurZZ9iarh8fObK8groBy4xoicBFBicicYx1mR0sy4udWzwtCXicObolcJyn4McqKElFiaCvMicd5g4WBUkicsJHFlIVA/132',1534660838,1534660838),
	(438,'odSvU1H9o-8qdjAhE6js-kYtHL7Y','大婷子',2,'乐山','四川','中国','http://thirdwx.qlogo.cn/mmopen/vi_32/Q0j4TwGTfTKokVJ7UEKiaDRs2GqctrSev7kSaD8sUOTA3sqgkTEfAEI1xQl9r0YcciaznfWOLddSIPdlaJ7argkA/132',1534673598,1534673598),
	(439,'odSvU1B_QLW8_id_JKdNi7xPBE9Y','',2,'南充','四川','中国','http://thirdwx.qlogo.cn/mmopen/vi_32/PjNCDJ6iaBV5yXMyv60nsNYsXD5FVs3N6f1eFFSZ806cFKrPLz1d1Uw3zXUxiahzljtTYe52pVSdicMY3icjMx4gGQ/132',1534831293,1534831293),
	(440,'odSvU1Hs4bQf-fztFGsPwpgI1TCc','◇﹏尐龙℡，',1,'成都','四川','中国','http://thirdwx.qlogo.cn/mmopen/vi_32/Q0j4TwGTfTJCXUtv6yqfYtxia6RAfvnO7ExfEgyJBPhhPFFm1mup7tbynjJib3svER0U4BEdV2LSicgsgN8Kvn0tg/132',1534838092,1534838092),
	(441,'odSvU1BnSsH0Zx6cfwo8mjKaDTfM','A_ 怦然心动',1,'','乌斯怀亚','阿根廷','http://thirdwx.qlogo.cn/mmopen/vi_32/Q0j4TwGTfTK4sTnoibRlibpicOBvcWKwXjBBbpCfPxPianb0Uo5ibJRibWQF7jwNT3mL3da7fRdAfBZaBa7gAwesXBibg/132',1534852270,1534852270),
	(442,'odSvU1IYJbxZO8fwZJ-3NBorFAcA','瑶啊瑶',2,'成都','四川','中国','http://thirdwx.qlogo.cn/mmopen/vi_32/Q0j4TwGTfTIVVAVUtib0oFyba1MxicE4WHiaupjhPtu9ibxTzvq77DM0xMHdQePkxE16pFaHZ3FwYylnVdePwONCxg/132',1535175349,1535175349),
	(443,'odSvU1PVRQJHCYqjHigCCzFnCf6E','Hunter',1,'','阿布扎比','阿拉伯联合酋长国','http://thirdwx.qlogo.cn/mmopen/vi_32/8StFtEsrvJWWMLTOndNXa8lsRBzUf9sJldsMIFVdoX0K2kB2G79iaV4guA4zI2GDvehTWe6icOuF1leyq0ictfmiaQ/132',1535214816,1535214816),
	(444,'odSvU1GkxJCgR-PpZ-u704iykoQ4','阝 东  ',2,'深圳','广东','中国','http://thirdwx.qlogo.cn/mmopen/vi_32/Y3s0YtX2WxVCM2gX02aSicMKlPooCc8jLpkqW1I21TluWZGhlbiccqcEs6ZRlng1FGqDZbkh3IaqN09N4l2EQGWQ/132',1535976350,1535976350),
	(445,'odSvU1FOWPj43eaXuYNofZWfOFYo','rebecca',2,'虹口','上海','中国','http://thirdwx.qlogo.cn/mmopen/vi_32/Q0j4TwGTfTJSGx0Fcs4kalpXxp4JZ2wfYvq6DUk9WiceHPuDnpdwiaA9SzSvRuLpmlWs6SUzeyvo2z9zBphVF6kQ/132',1536115454,1536115454),
	(446,'odSvU1OzGb2cpJ6Y2WGO91Wl-6Ak','~~~',2,'成都','四川','中国','http://thirdwx.qlogo.cn/mmopen/vi_32/TlpIF6bFsFpU0icF9TyYhcoIvG6riaxYkRgypKR2N6VPj0IF6YXHeNiakxlm5SgRkvWksM1CYWwBo51IZBPIhwUng/132',1536234261,1536234261),
	(447,'odSvU1GkRvt-SDZOJjisvWj7uEpk','戈多',2,'','莱顿','荷兰','http://thirdwx.qlogo.cn/mmopen/vi_32/6wjaibacwG5L5o8r4u6uammd19FmoaaFNe9XalCnXwz2rFkmib8qp0ApKQvO2Cm7x15WibvOPpgFsrtYBvyk2tpbw/132',1536236601,1536236601),
	(448,'odSvU1CnsGYVEto6_KGPnInY0ovY','Ww',2,'成都','四川','中国','http://thirdwx.qlogo.cn/mmopen/vi_32/Q0j4TwGTfTI8pdlCoFzkOFUutpEt8icH3SeJYNy5e1icR2Wa8eYOkMiaOf6NN0uryKZVDiagytDoJsiaBkUyiadFWO5Q/132',1536499369,1536499369),
	(449,'odSvU1CNzvvWiBE4w7Q6EWe43YN0','一个帅气的人儿',2,'','','巴巴多斯岛','http://thirdwx.qlogo.cn/mmopen/vi_32/Q0j4TwGTfTImb1KBlwB6ho5c3BykbjsDSemLx4Hjm2tTZ2PbQhQNbeQeicpeTTfk0u28xv5S8qT57fAqNK75b2w/132',1536584561,1536584561),
	(450,'odSvU1E1dqsjS7S4ZaXhUYoj4t78','含笑',2,'广安','四川','中国','http://thirdwx.qlogo.cn/mmopen/vi_32/ia9w3tFtngQLp6zoK9nyxQHccMH2HrKicehkxKEWXuk6bzKbfd0qwUd08c6SS9gibxSSAI8613F67mxOG6LFRR4MA/132',1536831242,1536831242),
	(451,'odSvU1ObARBQIg_FYkjTufxR0qJI','zx',1,'成都','四川','中国','http://thirdwx.qlogo.cn/mmopen/vi_32/4NOsUrdClqNPYFgyljjpeibFknPKWdADzZ73s2BWUqI1Fw1KcT7H6H2icggVJpCPSWSO8EUmaURujk5nxEFbTTYQ/132',1537576161,1537576161),
	(452,'odSvU1ETAPc4n6shqraEjwPaHoGY','我忘了说',2,'成都','四川','中国','http://thirdwx.qlogo.cn/mmopen/vi_32/LMmCPeTHp46YsKZgYcz4PKbQBD9adpMspDtD41LIoy16F7FndQMpwYEFvRCANjvA4pyVP8VwtbibzV5CxTSDfUA/132',1539168625,1539168625),
	(453,'odSvU1PUaoPmIa_vVHD4_yGHO7Dg','旧日种种',2,'成都','四川','中国','http://thirdwx.qlogo.cn/mmopen/vi_32/nprziaptXdPibhSSa4n0YLSJ11MJzpUfXA3YGfCiaENcIJIK0Whd0iaDfKh8oE8YIufFeC6Ljo0EvPT9fMAPNIWZPg/132',1540727337,1540727337),
	(454,'odSvU1DoclaSzFpfPwgtegiQ514I','海拔三千',1,'成都','四川','中国','http://thirdwx.qlogo.cn/mmopen/vi_32/JZ69SwQqoIlyesLfJy6O5yfDJPibXktsEIiaaEIlIwicLicpaiccpITuMbFrC7V6aNmiaMRSJkWXLLPkyicK5fykGvbNg/132',1541051705,1541051705),
	(455,'odSvU1F24c9fMwFDsgZ1ukMuhOPE','Barefoot',2,'成都','四川','中国','http://thirdwx.qlogo.cn/mmopen/vi_32/Q0j4TwGTfTLsqNRf1PLjvlYeeZn0olmhiaxAYFVyTrTXBEF4FiaF5uYsZqsFibqibXjvbtZcjohqmibl0I2xb3MUibrQ/132',1541250377,1541250377),
	(456,'odSvU1Iev20JRLzzzyAwPgkiwyMY','美好时光',2,'成都','四川','中国','http://thirdwx.qlogo.cn/mmopen/vi_32/WmNvLibyrWZwrXT0fvBF5N4rxANtDZ5DTA0HxMnqIqkIJcTkZPewIwfXo37dib3QuK9PevvgkYamliay9icvBVgRyw/132',1541571290,1541571290),
	(457,'odSvU1CKvNnMsP3uYhHauvDINxog','北仑色°　latitude ะ',2,'成都','四川','中国','http://thirdwx.qlogo.cn/mmopen/vi_32/mnGk8WDKXbNAz6Nnnh67iaXb8yfhWCfG2SnLmKroIta1ibRIEIZxmblobqic4LRiabY2nPXib2NvXVWVDlLUs8yxkdw/132',1541946120,1541946120),
	(458,'odSvU1JwDROopphbYUkWYgSEmpPo','杨小力',2,'成都','四川','中国','http://thirdwx.qlogo.cn/mmopen/vi_32/DYAIOgq83eofAVEOy5I9IWS6ro7BRVdy1BEQ8tibh9kkTbO3KqCMbK7DUzcedKXpYjdHbmny8bZaFTwfyGEyaxg/132',1548209042,1548209042),
	(459,'odSvU1E1592rhGDfT5jhtUQJsJHc','长安',2,'成都','四川','中国','http://thirdwx.qlogo.cn/mmopen/vi_32/s1tWwjyWSH2hiamYMrzK9L70e7LZf2KLSQOV2MmkLfkyBia5rV9YicZ6n6ZBuGh1j1niaby2tLIiceicctHUFYzQB88w/132',1559718297,1559718297),
	(460,'odSvU1IkRKUCx3B6KGvSHCXgm2R0','Me',1,'','','中国','http://thirdwx.qlogo.cn/mmopen/vi_32/DYAIOgq83eqzprYTA7ZWzccTunmXGLoJaKicqFhqaSfaS9DlvhgeT5CMJpSz66Oa6977ycXo2cB7P0P7F9dwMYA/132',1560322759,1560322759),
	(461,'odSvU1Ik33yN5IHDah_isg4OhhzE','杰',1,'深圳','广东','中国','http://thirdwx.qlogo.cn/mmopen/vi_32/bCPJIRjHtq9eM6lKEOhymVunicw8X7oAjsRvRgIliaULLfn8wX0AavK116P2pneaZd6CVicx45ZTagGECblZpV66A/132',1560394259,1560394259),
	(462,'odSvU1GEdPdF-1YuXtBGKTafWNW0','威 ',1,'','','阿尔巴尼亚','http://thirdwx.qlogo.cn/mmopen/vi_32/w2UecOQicEp8ReWjazcoVia6LzuRwImSjA8EY5icMzLCZTtfQUgia9icQ7BIhMBH2EnDwicwLibDQyyF17OobxumaoghA/132',1560397906,1560397906),
	(463,'odSvU1CfMlrLNUWXspAq8OEWdcUM','龙婷',1,'成都','四川','中国','http://thirdwx.qlogo.cn/mmopen/vi_32/Z4PqtFOribibbCx8Tps0QBwVfgjpTSkCcd0xkoPhR1x3YB39K9HmnnhzXe3syTFyPMPoceea1RdxR2v6uBy4NuAg/132',1561105265,1561105265),
	(464,'odSvU1L8WaBIQDi6U6Hq0aw9sLkA','快乐乐',1,'杭州','浙江','中国','http://thirdwx.qlogo.cn/mmopen/vi_32/Q0j4TwGTfTLnvwHvIeVFjgNIdLSe2Wy0icQfWGMtCMHn7vfSps1IOibK0qsak73ZoicVulSUjiam2kh3NLW8XuTpRw/132',1561105751,1561105751),
	(465,'odSvU1PptmmhsyikTFVRTjHG9a7c','zhaojinggg',2,'杭州','浙江','中国','http://thirdwx.qlogo.cn/mmopen/vi_32/Q0j4TwGTfTLlk8ibibibyz8RID1iaXLkoLHXMvCtJTibHrVPiaicN9tjIMWfajxBFnejibyeDwqGNxlS2IfkzGozU5VvFw/132',1561106419,1561106419),
	(466,'odSvU1AWSPlqxMCN2m6jE4ZCu9oI','趣推邦',1,'','','安道尔','http://thirdwx.qlogo.cn/mmopen/vi_32/c12HiatalGC9UtlSdhwREAR0DDSWxk2mpNfKxicjtX5SPShg1OsSHNEbSNnL0NVSwg6r2ftVDrDJjZMWJHJcD4og/132',1561109311,1561109311),
	(467,'oGzBL6fOqo6bAofN1bejgIKrU2ng','Rehack',1,'成都','四川','中国','http://thirdwx.qlogo.cn/mmopen/vi_32/Q0j4TwGTfTIOeF6uZ6fu13zGcPEJEpl7I0EicNPwAjR3QdZqEaZgDH4Q3g6Ubvb9A2p12kwjqtC9OG2ZITkUZjQ/132',1591628138,1591628138);

/*!40000 ALTER TABLE `bargain_users_info` ENABLE KEYS */;
UNLOCK TABLES;


# Dump of table lucky_customes
# ------------------------------------------------------------

DROP TABLE IF EXISTS `lucky_customes`;

CREATE TABLE `lucky_customes` (
  `id` int(10) unsigned NOT NULL AUTO_INCREMENT,
  `name` varchar(20) NOT NULL COMMENT '姓名',
  `phone` varchar(15) NOT NULL COMMENT '手机号',
  `is_lucky` tinyint(3) unsigned NOT NULL DEFAULT '1' COMMENT '是否参与抽奖1参与2不参与',
  `lucky_status` tinyint(3) unsigned NOT NULL DEFAULT '1' COMMENT '中奖状态1未中奖2中奖',
  `create_time` int(10) unsigned NOT NULL,
  `update_time` int(10) unsigned NOT NULL,
  `lucky_item` varchar(30) NOT NULL COMMENT '中奖项目',
  `is_receive` tinyint(3) unsigned NOT NULL DEFAULT '1' COMMENT '是否领取奖品，1未领取2领取',
  PRIMARY KEY (`id`),
  UNIQUE KEY `UNIQUE` (`phone`)
) ENGINE=InnoDB DEFAULT CHARSET=utf8;



# Dump of table lucky_items
# ------------------------------------------------------------

DROP TABLE IF EXISTS `lucky_items`;

CREATE TABLE `lucky_items` (
  `id` int(10) unsigned NOT NULL AUTO_INCREMENT,
  `item` varchar(20) DEFAULT NULL COMMENT '奖项',
  `count` int(11) DEFAULT NULL COMMENT '个数',
  PRIMARY KEY (`id`)
) ENGINE=InnoDB DEFAULT CHARSET=utf8;

LOCK TABLES `lucky_items` WRITE;
/*!40000 ALTER TABLE `lucky_items` DISABLE KEYS */;

INSERT INTO `lucky_items` (`id`, `item`, `count`)
VALUES
	(1,'100元抵用券',0),
	(2,'50元抵用券',0),
	(3,'贝臣口腔专用牙线',0),
	(4,'谢谢参与',500);

/*!40000 ALTER TABLE `lucky_items` ENABLE KEYS */;
UNLOCK TABLES;


# Dump of table Sheet1
# ------------------------------------------------------------

DROP TABLE IF EXISTS `Sheet1`;

CREATE TABLE `Sheet1` (
  `余杰` varchar(255) DEFAULT NULL,
  `15108216763` varchar(255) DEFAULT NULL,
  `F3` varchar(255) DEFAULT NULL
) ENGINE=InnoDB DEFAULT CHARSET=utf8;

LOCK TABLES `Sheet1` WRITE;
/*!40000 ALTER TABLE `Sheet1` DISABLE KEYS */;

INSERT INTO `Sheet1` (`余杰`, `15108216763`, `F3`)
VALUES
	('董永铭','13408603290',''),
	('何向阳','18080006470',''),
	('张茂','18682522007',''),
	('钟军','13880612457',''),
	('王小美','15082498076',''),
	('梁义荣','13348880337',''),
	('周献','13880801119',''),
	('何荣仙 ','13989105069',''),
	('周云川','13551555802',''),
	('袁盛','18628066802','种植体'),
	('李淑芳','13540612512',''),
	('崔德生','13882986068','牙冠'),
	('唐德金','13808297265',''),
	('白浩亮','18683662888','种植体'),
	('梁瑾','13458935798',''),
	('陈明江','17311453531',''),
	('赵千','15183321929',''),
	('方雪','13882241987',''),
	('卢卫红','15280900958',''),
	('廖华高','15181662202',''),
	('庞睿','13880275210',''),
	('余儿','15928136022','');

/*!40000 ALTER TABLE `Sheet1` ENABLE KEYS */;
UNLOCK TABLES;



/*!40111 SET SQL_NOTES=@OLD_SQL_NOTES */;
/*!40101 SET SQL_MODE=@OLD_SQL_MODE */;
/*!40014 SET FOREIGN_KEY_CHECKS=@OLD_FOREIGN_KEY_CHECKS */;
/*!40101 SET CHARACTER_SET_CLIENT=@OLD_CHARACTER_SET_CLIENT */;
/*!40101 SET CHARACTER_SET_RESULTS=@OLD_CHARACTER_SET_RESULTS */;
/*!40101 SET COLLATION_CONNECTION=@OLD_COLLATION_CONNECTION */;
